year,country,case_name,link,court,complaining_work,defending_work,complaining_author,defending
1844,US,Millett v. Snowden,https://blogs.law.gwu.edu/mcir/case/millett-v-snowden/,C.C.S.D.N.Y.,The Cot Beneath the Hill,The Cot Beneath the Hill,W.J. Wetmore,W. J. Wetmore
1845,US,Reed v. Carusi,https://blogs.law.gwu.edu/mcir/case/reed-v-carusi/,C.C. Md.,The Old Arm Chair,The Old Arm Chair,Henry Russell,Samuel Carusi
1846,US,Ferrett v. Atwill,https://blogs.law.gwu.edu/mcir/case/ferrett-v-atwill/,S.D.N.Y.,"""Alethia Waltz"", based on a theme from Michael Balfe's ""The Bohemia Girl""",,"Michael Balfe, arranged by Francis Brown",
1850,US,Jollie v. Jacques,https://blogs.law.gwu.edu/mcir/case/jollie-v-jacques/,C.C.S.D.N.Y.,Serious Family Polka,Serious Family Polka,Anonymous,Anonymous
1887,US,Blume v. Spear,https://blogs.law.gwu.edu/mcir/case/blume-v-spear/,C.C.S.D.N.Y.,My Own Sweet Darling,Call Me Back Again,Fannie Beane,W.D.Hendrickson
1888,US,Kennedy v. McTammanay,https://blogs.law.gwu.edu/mcir/case/kennedy-v-mctammanay/,C.C.D. Mass.,Cradle’s Empty Baby’s Gone,,Harry Kennedy,
1898,US,Broder v. Zeno Mauvais Music Co.,https://blogs.law.gwu.edu/mcir/case/broder-v-zeno-mauvais-music-co/,C.C.N.D. Cal.,Dora Dean,Ma Angeline,Bert A. Williams,Charles Sidney O'Brien
1899,UK,Boosey v. Whight,https://blogs.law.gwu.edu/mcir/case/boosey-v-whight/,Ch. D.,"""My Lady's Bower""",,"Alice M. Davis (""Hope Temple"") and Frederick Wetherley",Player piano rolls produced by defendant Whight
1907,US,White-Smith Music v. Apollo Company,https://blogs.law.gwu.edu/mcir/case/white-smith-music-publishing-company-v-apollo-company/,Supreme Court,Kentucky Babe,Little Cotton Dolly,Adam Geibel,Adam Geibel
1914,US,Cooper v. James,https://blogs.law.gwu.edu/mcir/case/cooperjames/,N.D. Ga.,Never Turn Back,Never Turn Back,W.M.Cooper,Joseph James
1915,US,Boosey v. Empire Music,https://blogs.law.gwu.edu/mcir/case/booseyempire/,S.D.N.Y.,I Hear You Calling Me,"Tennessee, I Hear You Calling Me",Charles Marshall,Jeff Godfrey
1916,US,Haas v. Leo Feist,https://blogs.law.gwu.edu/mcir/case/haas-v-leo-feist/,S.D.N.Y.,You Will Never Know ...,I Didn't Raise My Boy to be a Soldier,William Cahalin,Al Piantadosi
1917,US,Hart v. Graham,https://blogs.law.gwu.edu/mcir/case/hart-v-graham/,N.D. Ill.,Livery Stable Blues,,"Alcide Nunez, Ray Lopez",
1923,UK,Austin v. Columbia Gramophone Co.,https://blogs.law.gwu.edu/mcir/case/austin-v-columbia-gramophone-co/,Ch. D.,"Themes from opera ""Polly""","Themes from opera ""Polly""",John Gay,John Gay
1923,US,Hein v. Harris,https://blogs.law.gwu.edu/mcir/case/hein-v-harris/,2d Cir.,Maria Cahill's Arab Love Song,I Think I Hear a Woodpecker,Silvio Hein,Joseph Howard
1923,US,"Marks v. Leo Feist, Inc.",https://blogs.law.gwu.edu/mcir/case/marks-v-leo-feist-inc/,2d Cir.,Wedding Dance Waltzes,Swanee River Moon,Paul Linke,H. Pitman Clarke
1924,US,"Fred Fisher, Inc. v. Dillingham",https://blogs.law.gwu.edu/mcir/case/fred-fisher-inc-v-dillingham/,S.D.N.Y.,Dardanella,Ka-lu-a,Felix Bernard & Johnny Black,Jerome Kern
1928,US,Italian Book Company v. Rossi,https://blogs.law.gwu.edu/mcir/case/italian-book-company-v-rossi/,S.D.N.Y.,Luna Mezzo Mare,Mamma Mia M'ha Maritan,Paolo Citorello,A. A.Galasso
1932,US,Gotham Music v. Denton Music Publishing,https://blogs.law.gwu.edu/mcir/case/gotham-music-service-v-denton-music-publishing-co/,N.Y. Ct. App.,St. James' Infirmary,St. James' Infirmary or Gambler's Blues,Anonymous,Anonymous
1933,US,Arnstein v. Shilkret,https://blogs.law.gwu.edu/mcir/case/arnsteinshilkret/,S.D.N.Y.,Light My Life With Love,Lady Divine,Ira Arnstein,Nathaniel Shilkret
1934,US,Park v. Warner Brothers,https://blogs.law.gwu.edu/mcir/case/park-v-warner-brothers/,S.D.N.Y.,What are Your Intentions?,What are Your Intentions?,Charles Francis Park,"Harry Warren, Al Dubin"
1935,US,Wilkie v. Santly Brothers,https://blogs.law.gwu.edu/mcir/case/wilkie-v-santly-brothers/,S.D.N.Y.,Confessing,Starlight,W.A. (Bud) Wilkie,Bernice Petkere
1936,US,Arnstein v. Edward Marks,https://blogs.law.gwu.edu/mcir/case/arnstein-v-edward-b-marks-music-corp/,2d Cir.,I Love You Madly,"Play, Fiddle, Play",Ira Arnstein,Emery Deutsch and Arthur Altman
1936,US,Norden v. Oliver Ditson,https://blogs.law.gwu.edu/mcir/case/norden-v-oliver-ditson/,D. Mass.,O Gladsome Light,O Gladsome Light,N. Lindsay Norden (arranger),Anonymous arranger
1937,US,Hirsch v. Paramount Pictures,https://blogs.law.gwu.edu/mcir/case/hirsch-v-paramount-pictures/,S.D. Cal.,Lady of Love,Without a Word of Warning,Hortense Hirsch,Harry Revel
1939,US,Arnstein v. ASCAP,https://blogs.law.gwu.edu/mcir/case/arnstein-v-ascap/,S.D.N.Y.,Whisper to Me,My Wishing Song,Ira Arnstein,Joe Burke
1940,US,Darrell v. Joe Morris Music,https://blogs.law.gwu.edu/mcir/case/darrell-v-joe-morris-music/,2d Cir.,Does Anybody Want a Little Kewpie,On the Beach at Bali-Bali,Jack Darrell,"Sherman, Meskill, and Silver"
1940,US,Davilla v. Harms,https://blogs.law.gwu.edu/mcir/case/davilla-v-harms/,S.D.N.Y.,If I were a Spider...,Desert Song,Joseph Davila,Sigmund Romberg
1941,US,Allen v. Walt Disney,https://blogs.law.gwu.edu/mcir/case/allen-v-walt-disney/,S.D.N.Y.,Old Eli,Someday My Prince Will Come,Wadsworth Doster,Frank Churchill
1941,US,Marks v. Stasny,https://blogs.law.gwu.edu/mcir/case/marks-v-stasny/,S.D.N.Y.,Allà en el Rancho Grande,Allà en el Rancho Grande,Silvano D. Ramos,Anonymous
1942,US,Carew v. R.K.O. Radio Pictures,https://blogs.law.gwu.edu/mcir/case/carew-v-r-k-o-radio-pictures/,S.D. Cal.,Chatterbox,Chatterbox,Evelyn Carew,Jerome Brainan
1942,US,McMahon v. Harms,https://blogs.law.gwu.edu/mcir/case/mcmahon-v-harms/,S.D.N.Y.,In Sunny Kansas,Love Sends A Little Gift of Roses,Joseph McMahon,John Openshaw
1943,US,Arnstein v. Broadcast Music,https://blogs.law.gwu.edu/mcir/case/arnstein-v-broadcast-music/,2d Cir.,Whisper to Me,It All Comes Back to Me Now,Ira Arnstein,Hy Zaret et al.
1943,US,Arnstein v. Twentieth Century Fox,https://blogs.law.gwu.edu/mcir/case/arnstein-v-twentieth-century-fox-film/,S.D.N.Y.,Kalamazoo,I've Got a Gal in Kalamazoo,Ira Arnstein,Harry Warren
1944,US,"Gingg v. Twentieth Century Fox Film Corp, et al.",https://blogs.law.gwu.edu/mcir/case/gingg-v-twentieth-century-fox-film-corp-et-al/,S.D. Cal.,There'll Never Be Another You,There Will Never Be Another You,Allamae Britton Gingg,Mack Gordon and Harry Warren
1944,US,Edward B. Marks Music Corp. v. Jerry Vogel Music Co.,https://blogs.law.gwu.edu/mcir/case/edward-b-marks-music-corp-v-jerry-vogel-music-co/,2d Cir.,December and May,,Edward B. Marks,
1945,US,Brodsky v. Universal Pictures Company,https://blogs.law.gwu.edu/mcir/case/brodsky-v-universal-pictures-company/,2d Cir.,Prelude in A Major,Bad Lands of Dakota,Samuel Brodsky,Hans Salter
1945,US,Jewel Music v. Leo Feist,https://blogs.law.gwu.edu/mcir/case/jewel-music-v-leo-feist/,S.D.N.Y.,Carnival in Cotton Town,Drummer Boy,Louis Ricca,Roger Edens
1946,US,Arnstein v. Porter,https://blogs.law.gwu.edu/mcir/case/arnstein-v-porter/,2d Cir.,Modern Messiah,Don't Fence Me In,Ira Arnstein,Cole Porter
1946,US,Heim v. Universal Pictures,https://blogs.law.gwu.edu/mcir/case/heim-v-universal-pictures/,2d Cir.,Ma Este Meg Boldog Vagyok,Perhaps,Hajdu Imre (Heim),Aldo Franchetti
1948,US,Baron v. Leo Feist,https://blogs.law.gwu.edu/mcir/case/baron-v-leo-feist/,S.D.N.Y.,L'Annee Passee,Rum and Coca-Cola,Lionel Belasco and Massie Patterson,Jeri Sullivan and Paul Baron
1948,US,Kahn v. Leo Feist,https://blogs.law.gwu.edu/mcir/case/kahn-v-leo-feist-inc/,2d Cir.,Victory Calypsoes,Rum and Coca-Cola,Mohammed H. Kahn,Leo Feist
1950,US,"Shapiro, Bernstein v. Miracle Record",https://blogs.law.gwu.edu/mcir/case/shapiro-bernstein-v-miracle-record/,N.D. Ill.,Yancey Special,Long Gone,Meade Lewis,Alphonso Tompkins and Lewis Simpkins
1951,US,Jones v. Supreme Music,https://blogs.law.gwu.edu/mcir/case/jones-v-supreme-music/,S.D.N.Y.,Just an Old Fashioned Mother and Dad,Near You,Thelma Jones,Francis Craig
1952,US,Northern Music v. King Record Distribution,https://blogs.law.gwu.edu/mcir/case/northern-music-v-king-record-distribution/,S.D.N.Y.,Tonight He Sailed Again,"I Love You, Yes I Do",Guy B. Wood and Sol Marcus,Henry B. Glover
1953,US,Overman v. Loesser,https://blogs.law.gwu.edu/mcir/case/overman-v-loesser/,9th Cir.,Wonderful You,On a Slow Boat to China,Robert Overman,Frank Loesser
1954,US,Robbins v. Alamo,https://blogs.law.gwu.edu/mcir/robbins-v-alamo,S.D.N.Y.,"Theme for TV show ""Dragnet""","Theme for 1946 movie, ""The Killers""",Walter Schumann,Miklos Rozsa
1954,US,Mills Music v. Cromwell Music,https://blogs.law.gwu.edu/mcir/case/mills-music-inc-v-cromwell-music-inc/,S.D.N.Y.,"Tzena, Tzena","Tzena, Tzena",Issachar Miron & Julius Grossman,Issachar Miron & Julius Grossman
1956,US,Robertson v. Batten,https://blogs.law.gwu.edu/mcir/case/robertson-v-batten-barton-durstine-osborne/,S.D. Cal.,The Happy Whistler,Ad for San Francisco Brewing Company,Donald Irwin Robertson,"Song Ads, Inc."
1956,US,Smith v. Muehlebach Brewing,https://blogs.law.gwu.edu/mcir/case/smith-v-muehlebach-brewing/,W.D. Mo.,Proposed Advertising Jingle for Muehlebach Beer,Time for Muehlebach,Leonard Smith,Muehlebach Brewing
1956,US,Wihtol v. Wells,https://blogs.law.gwu.edu/mcir/case/wihtol-v-wells/,7th Cir.,My God and I,My God and I,I.B. Sergei (Wihtol),Kenneth H. Wells
1958,US,Cholvin v. B & F Music,https://blogs.law.gwu.edu/mcir/case/cholvin-v-b-f-music-co/,7th Cir.,When the Sun Bids the Sky Goodnight,While We Dream,Homer Cholvin and Norman Stade,Kaczmarek
1959,US,Dorchester Music v. National Broadcasting Company,https://blogs.law.gwu.edu/mcir/case/dorchester-music-v-national-broadcasting-company/,S.D. Cal.,Rendezvous,I Dreamed,Fred Spielman,Charles Green
1960,US,Walters v. Shari Music Publishing,https://blogs.law.gwu.edu/mcir/case/walters-v-shari-music-publishing-corp/,S.D.N.Y.,Iron Bar,Jamaica Farewell,Lionel Walters,Erving Burgie
1963,UK,Francis Day & Hunter v. Bron,https://blogs.law.gwu.edu/mcir/case/francis-day-hunter-v-bron/,Ch. App.,In a Little Spanish Town,Why,Mabel Wayne,Peter de Angelis
1964,US,Irving Berlin et al. v. E.C. Publications,https://blogs.law.gwu.edu/mcir/case/irving-berlin-et-al-v-e-c-publications-inc/,2d Cir.,A Pretty Girl is Like a Melody,Louella Schwartz Describes Her Malady,Irving Berlin,Frank Jacobs and Larry Siegel
1964,US,"Nom Music, Inc. V. Kaslin",https://blogs.law.gwu.edu/mcir/case/nom-music-inc-v-kaslin/,S.D.N.Y.,A Thousand Miles Away,Daddy's Home,James Sheppard and William Miller,James Sheppard and William Miller
1965,US,Life Music v. Broadcast Music,https://blogs.law.gwu.edu/mcir/case/life-music-inc-v-broadcast-music-inc/,S.D.N.Y.,SUPERCALAFAJALISTICK ESPEEALADOJUS,SUPERCALIFRAGILISTIC EXPIALIDOCIOUS,Patricia Smith and Don Fenton,Robert Sherman
1965,US,Nordstrom v. R.C.A.,https://blogs.law.gwu.edu/mcir/case/nordstrom-v-r-c-a/,D. Colo.,Mizpah or Shalom,Shalom,Frank Nordstrom,Jerry Herman
1967,US,Packson v. Jobete,https://blogs.law.gwu.edu/mcir/case/packson-v-jobete-music/,E.D. Mich.,I'm Afraid,Baby Love,"Lorenzo Pack, Harper Evans","Eddie Holland, Brian Holland, Lamont Dozier"
1967,DE,In re Geman Collecting Society GEMA,https://blogs.law.gwu.edu/mcir/case/in-re-gema/,BGH [Federal Court of Justice],Schwarzbraun ist die Haselnuss,,GEMA / Franz Josef Breuer,
1969,US,Leo Feist v. Apollo Records,https://blogs.law.gwu.edu/mcir/case/leo-feist-v-apollo-records/,S.D.N.Y.,"Toot, Toot, Tootsie","Toot, Toot, Tootsie",Gus Kahn et al.,Gene Sayet & Sidney Feldman
1970,DE,Bote & Bock Musik v. Melodie der Welt GmbH & Co KG,https://blogs.law.gwu.edu/mcir/case/bote-bock-musik-v-melodie-der-welt-gmbh-co-kg/,BGH [Federal Court of Justice],O schöne Jugendtage,Tanze mit mir in den Morgen (Mitternachtstango),Wilhelm Kienzl,Gerhard Wendland
1973,US,Strachborneo v. Arc Music,https://blogs.law.gwu.edu/mcir/case/strachborneo-v-arc-music/,S.D.N.Y.,MOJO Workout,Got My Mojo Working,Ruth Stratchborneo,McKinley Morganfield
1975,UK,Mood Music v. De Wolfe,https://blogs.law.gwu.edu/mcir/case/mood-music-v-de-wolfe/,Ch. D.,Sogno Nostalgico,Girl in the Dark,Armando Sciascia,Jack Trombey
1976,US,Bright Tunes Music v. Harrisongs Music,https://blogs.law.gwu.edu/mcir/case/bright-tunes-music-v-harrisongs-music/,S.D.N.Y.,He's So Fine,My Sweet Lord,Ronald Mack,George Harrison
1976,US,Granite Music v. United Artists,https://blogs.law.gwu.edu/mcir/case/granite-music-v-united-artists/,9th Cir.,Tiny Bubbles,Hiding the Wine,Leon Pober,Ernest Gold
1976,US,MCA Music v. Earl Wilson,https://blogs.law.gwu.edu/mcir/case/mca-music-v-earl-wilson/,S.D.N.Y.,Boogie Woogie Bugle Boy,The Cunnilingus Champion of Co. C,Don Raye and Hughie Prince,Earl Wilson and Billy Cunningham
1978,US,Ferguson v. National Broadcasting Company,https://blogs.law.gwu.edu/mcir/case/ferguson-v-national-broadcasting-company/,5th Cir.,Jeannie Michele,"Theme from ""A Time to Love""",Wilma Ferguson,John Williams
1978,US,Herald Square Music v. Living Music,https://blogs.law.gwu.edu/mcir/case/herald-square-music-v-living-music/,S.D.N.Y.,Day by Day,"Theme for N.B.C.'s ""Today Show""",Stephen Schwartz,Ray Ellis
1978,US,Plymouth Music Co. v. Magnus Organ Corp.,https://blogs.law.gwu.edu/mcir/case/plymouth-music-co-v-magnus-organ-corp/,S.D.N.Y.,Holiday Polka,Holiday Polka,Anonymous,Anonymous
1978,JP,Harry v. Suzuki,https://blogs.law.gwu.edu/mcir/case/harry-v-suzuki/,Supreme Court of Japan,The Boulevard of Broken Dreams,One Rainy Night in Tokyo,Harry Warren,Doumei Suzuki
1980,US,Elsmere Music v. N.B.C.,https://blogs.law.gwu.edu/mcir/case/elsmere-music-v-n-b-c/,2d Cir.,I Love New York (advertising jingle),National Broadcasting Company,Steve Karman,National Broadcasting Company
1980,DE,Hanseatic Musikverlag v. Bellver Musikverlag,https://blogs.law.gwu.edu/mcir/case/hanseatic-musikverlag-v-bellver-musikverlag/,BGH [Federal Court of Justice],Dirlada,Loop Di Love,Pantelis Ghinnis,Juan Bastos
1980,US,Testa v. Janssen,https://blogs.law.gwu.edu/mcir/case/testa-v-janssen/,W.D. Pa.,Kept on Singing,Keep on Singing,Philip J. Lipari,Danny Janssen and Bobby Hart
1982,CA,Gondos v. Hardy,https://blogs.law.gwu.edu/mcir/case/gondos-v-hardy/,Ontario Supreme Court,Variations,"The Homecoming, Moment of Love",Ivan Gondos,"Hagood Hardy, Rudy and Jerry Toth"
1984,US,Selle v. Gibb,https://blogs.law.gwu.edu/mcir/case/selle-v-gibb/,7th Cir.,Let It End,Barry Gibb et al.,Ronald Selle,Barry Gibb et al.
1984,US,Pendleton v. Acuff-Rose,https://blogs.law.gwu.edu/mcir/case/pendleton-v-acuff-rose/,M.D. Tenn.,Just a Blue Box,Mama’s Shoe Box,Howard Leslie Pendleton,Elizabeth Jane Anderson
1985,US,"Cream Records, Inc. v. Jos. Schlitz Brewing Co.",https://blogs.law.gwu.edu/mcir/case/cream-records-inc-v-jos-schlitz-brewing-co/,9th Cir.,The Theme From Shaft,TV Ad for Schlitz Beer,Isaac Hayes,Benton and Bowles
1985,UK,Lawson v. Dundas,https://blogs.law.gwu.edu/mcir/case/lawson-v-dundas/,,Channel 4 Jingle,Channel 4 Jingle,David Lawson,David Dundas
1985,US,Dixon v. Atlantic Recording Corp.,https://blogs.law.gwu.edu/mcir/case/dixon-v-atlantic-recording-corp-2/,S.D.N.Y.,I Need Love,Whole Lotta Love,William Dixon,Led Zeppelin
1986,US,Anheuser Busch v. Elsmere Music,https://blogs.law.gwu.edu/mcir/case/anheuser-busch-v-elsmere-music/,S.D.N.Y.,Budweiser Beer Commercial (1970s),Budweiser Beer Commercial (1985),Steve Karmen,Gavin Spencer
1986,US,Benson v. Coca-Cola,https://blogs.law.gwu.edu/mcir/case/benson-v-coca-cola/,11th Cir.,Don't Cha Know,I'd Like to Buy the World a Coke,John Benson,Coca-Cola Company
1986,US,Fisher v. Dees,https://blogs.law.gwu.edu/mcir/case/fisher-v-dees/,9th Cir.,When Sunny Gets Blue,When Sonny Sniffs Glue,Marvin Fisher and Jack Segal,Rick Dees
1987,US,Baxter v. MCA,https://blogs.law.gwu.edu/mcir/case/baxter-v-mca-inc/,9th Cir.,Joy,Theme from 'E.T.',Leslie Baxter,John Williams
1987,US,Siskind v. Newton-John,https://blogs.law.gwu.edu/mcir/case/laura-siskind-v-olivia-newton-john/,S.D.N.Y.,Take a Chance on Love,Take a Chance,Laura Siskind,Olivia Newton-John
1987,CA,Verge v. Imperial Oil Ltd.,https://blogs.law.gwu.edu/mcir/case/verge-v-imperial-oil-ltd/,,It's a Brand New World,Hockey Night Theme,Cyril Verge,Steven Benderoth
1987,UK,Warner Bros. v. Dundas,https://blogs.law.gwu.edu/mcir/case/warner-bros-v-dundas/,Ch. D.,Martha,Advertisement for Kenco Coffee,Tom Waits,David Dundas
1987,UK,Williamson v. Pearson Partnership,https://blogs.law.gwu.edu/mcir/case/williamson-v-pearson-partnership/,Ch. D.,"""There is Nothing Like a Dame""",Advertisement for Rapid Coach Service,Rogers & Hammerstein,Denis King
1988,US,Gaste v. Morris Kaiserman,https://blogs.law.gwu.edu/mcir/case/gaste-v-morris-kaiserman/,2d Cir.,Pour Toi,Feelings,Louis Gaste,Morris Kaiserman
1988,DE,Magazine-Music Verlag v. Ralph Siegel,https://blogs.law.gwu.edu/mcir/case/magazine-music-verlag-v-ralph-siegel/,BGH [Federal Court of Justice],Alle Liebe dieser Erde; Un canto a galicia,Ein bisschen Frieden,Julio Iglesias,Nicole
1988,DE,Edition Magazine Music v. Sony ATV,https://blogs.law.gwu.edu/mcir/case/edition-magazine-music-v-sony-atv/,BGH [Federal Court of Justice],…wie ein Kind,Fantasy,Katy Kassay,"Earth, Wind & Fire"
1989,AU,CBS Records Australia v. Guy Cross,https://blogs.law.gwu.edu/mcir/case/cbs-records-australia-v-guy-cross/,Fed. Ct. Aus.,Ring My Bell (CBS Version),Ring My Bell (Trackdown Version),Collette Roberts,Guy Cross
1990,US,Queen & David Bowie v. Vanilla Ice,https://blogs.law.gwu.edu/mcir/case/queen-david-bowie-v-vanilla-ice/,,Under Pressure,Ice Ice Baby,Queen & David Bowie,Vanilla Ice
1990,US,Dawson v. Hinshaw Music,https://blogs.law.gwu.edu/mcir/case/dawson-v-hinshaw-music/,4th Cir.,Ezekiel Saw De Wheel,Ezekiel Saw De Wheel,William Dawson (Arr.),Gilbert Martin (Arr.)
1990,US,Levine v. McDonald's Corp.,https://blogs.law.gwu.edu/mcir/case/levine-v-mcdonalds-corp/,S.D.N.Y.,Life is a Rock (But the Radio Rolled Me,Menu Song,Paul DiFranco and Norman Dolph,McDonalds Corp.
1990,US,Black v. Gosdin,https://blogs.law.gwu.edu/mcir/case/black-v-gosdin/,M.D. Tenn.,The Jukebox,Set 'Em Up Joe,Damon Black,Vern Gosdin
1991,CA,Grignon v. Roussel,https://blogs.law.gwu.edu/mcir/case/grignon-v-roussel/,Federal Court of Canada,Chanson Numero 7,Tous Les Juke-box,Rene Grignon,Jean-Alain Roussel
1991,US,Grand Upright v. Warner,https://blogs.law.gwu.edu/mcir/case/grand-upright-v-warner/,S.D.N.Y.,Alone Again (Naturally),Alone Again,"Raymond ""Gilbert"" O'Sullivan",Biz Markie
1991,US,Intersong-USA v. CBS,https://blogs.law.gwu.edu/mcir/case/intersong-usa-v-cbs/,S.D.N.Y.,Es,Hey,Enrique Chia,"Mario Balducci, Julio Iglesias"
1991,US,McDonald v. Multimedia Entertainment,https://blogs.law.gwu.edu/mcir/case/mcdonald-v-multimedia-entertainment-inc/,S.D.N.Y.,"Proposed Theme Music for ""Sally Jesse Raphael Show""","Theme Music for ""Sally Jesse Raphael Show""",Gerard McDonald,Dan Radlauer
1991,DE,Enigma v. Phlegma 1991,https://blogs.law.gwu.edu/mcir/case/enigma-v-phlegma-parties-names-still-tbd/,OLG Munich,Sadeness I,Madness I,Enigma,Phlegma
1991,DE,EMI U Catalog Inc. v. Far Musikverlag,https://blogs.law.gwu.edu/mcir/case/emi-u-catalog-inc-v-far-musikverlag/,BGH [Federal Court of Justice],There´s a Brown Girl in the Ring,Brown Girl in the Ring,Tony McKay aka Exuma,Boney M.
1991,DE,Herbolzheimer v. Farian,https://blogs.law.gwu.edu/mcir/case/peter-herbolzheimer-v-frank-farian/,BGH [Federal Court of Justice],Brown Girl,Brown Girl in the Ring,Malcolm’s Lock,Boney M.
1992,US,Chiate v. Morris,https://blogs.law.gwu.edu/mcir/case/chiate-v-morris/,9th Cir.,Hello It's Me / I Just Called to Say,I Just Called to Say I Love You,Lloyd Chiate,Stevland Morris
1992,US,Moore v. Columbia Pictures,https://blogs.law.gwu.edu/mcir/case/moore-v-columbia-pictures/,8th Cir.,She Can't Stand It,"On Our Own (from ""Ghostbusters II"")",Derrick D. Moore,Antonio Reid and Kenny Edmonds
1993,UK,EMI Music v. Papathanasiou,https://blogs.law.gwu.edu/mcir/case/emi-music-v-papathanasiou/,Ch. D.,City of Violets,"Theme from ""Chariots of Fire""",Stavros Logarides,Evangelos Papathanasiou
1993,US,Jarvis v. A & M Records,https://blogs.law.gwu.edu/mcir/case/jarvis-v-a-m-records/,D.N.J.,The Music's Got Me,Get Dumb! (Free Your Body),Boyd Jarvis,Robert Clivilles and David Cole
1993,US,Tempo Music v. Famous Music,https://blogs.law.gwu.edu/mcir/case/tempo-music-v-famous-music/,S.D.N.Y.,Satin Doll,,"Duke Ellington, Billy Strayhorn, Johnny Mercer",
1993,US,Sylvestre v. Oswald,https://blogs.law.gwu.edu/mcir/case/sylvestre-v-oswald/,S.D.N.Y.,Heaven,Heaven,Michael Sylvestre and Dougals Richwine,Jani Lane
1993,FR,Les Inconnus v. Parker,https://blogs.law.gwu.edu/mcir/case/les-inconnus-v-parker/,TGI [Tribunale de grande instance] Paris,Auteuil Neuilly Passy,Southwick,Les Inconnus,Maceo And All The King's Men
1994,CA,Drynan v. Rostad,https://blogs.law.gwu.edu/mcir/case/drynan-v-rostad/,Ontario Court of Justice,Filion Family Welcome,Here We Are On the Road Again,James Drynan,Wayne Rostad
1994,US,Campbell v. Acuff-Rose,https://blogs.law.gwu.edu/mcir/case/campbell-v-acuff-rose/,Supreme Court,"Oh, Pretty Woman","Oh, Pretty Woman",Williams Dees and Roy Orbison,Luther Campbell
1994,US,Fantasy v. Fogerty,https://blogs.law.gwu.edu/mcir/case/fantasy-v-fogerty/,Supreme Court,Run Through the Jungle,The Old Man Down the Road,John Fogerty,John Fogerty
1994,US,Tin Pan Apple v. Miller Brewing,https://blogs.law.gwu.edu/mcir/case/tin-pan-apple-v-miller-brewing/,S.D.N.Y.,Stick 'em,TV ad for Miller Lite,Morales and Robertson [Fat Boys],Miller Brewing Co.
1995,US,Crystal Cartier v. Michael Jackson,https://blogs.law.gwu.edu/mcir/case/crystal-cartier-v-michael-jackson/,10th Cir.,Dangerous,Dangerous,Crystal Cartier,Michael Jackson
1995,US,La Cienega Music Co. v. ZZ Top,https://blogs.law.gwu.edu/mcir/case/la-cienega-music-co-v-zz-top/,9th Cir.,Boogie Chillen,La Grange,John Hooker and Bernard Besman,"William Gibbons, et al."
1995,US,Woods v. Bourne,https://blogs.law.gwu.edu/mcir/case/woods-v-bourne/,2d Cir.,"When the Red, Red, Robin Comes Bob, Bob, Bobbin' Along",,Harry Woods,
1996,US,Palmieri v. Estefan,https://blogs.law.gwu.edu/mcir/case/palmieri-v-estefan/,2d Cir.,Paginas De Mujer,Oye Mi Canto,Eddie Palmieri,Gloria Estefan
1996,US,Santrayll v. Burrell,https://blogs.law.gwu.edu/mcir/case/santrayll-v-burrell/,S.D.N.Y.,Uh Oh,"Pepsi Ad featuring ""Hammer""",Rene Santrayll & Michael Walker,Stanley Kirk Burrell
1996,US,Smith v. Michael Jackson,https://blogs.law.gwu.edu/mcir/case/smith-v-michael-jackson/,9th Cir.,Don't Let the Sunshine / Happy Go Lucky Girl,The Girl is Mine,Robert Smith and Reynard Jones,Michael Jackson
1997,US,Damiano v. Sony,https://blogs.law.gwu.edu/mcir/case/damiano-v-sony/,D.N.J.,Miscellaneous lyrics and instrumental arrangement,Dignity,James Damiano,Bob Dylan
1997,US,McRae v. Smith,https://blogs.law.gwu.edu/mcir/case/mcrae-v-smith/,D. Colo.,"Every Minute, Every Hour, Every Day",Every Second,Maree McRae,Wayne Perry and Gerald Smith
1997,US,Repp v. Webber,https://blogs.law.gwu.edu/mcir/case/repp-v-webber/,2d Cir.,Till You,Phantom Song,Ray Repp,Andrew Lloyd-Webber
1997,US,Tuff 'N' Rumble v. Profile Records,https://blogs.law.gwu.edu/mcir/case/tuff-n-rumble-v-profile-records/,S.D.N.Y.,Impeach the President,Back from Hell,Robert Plant et al.,Joseph Simmonds et al.
1999,US,BTE v. Bonnecaze,https://blogs.law.gwu.edu/mcir/case/bte-v-bonnecaze/,E.D. La.,Coyote,,"Kevin Griffin, et al.",
1999,US,Ellis v. Diffie,https://blogs.law.gwu.edu/mcir/case/ellis-v-diffie/,6th Cir.,Lay Me Out By the Jukebox When I Die,Prop Me Up Beside the Jukebox (If I Die),Everett Ellis,Joe Diffie
1999,US,Selletti v. Carey,https://blogs.law.gwu.edu/mcir/case/selletti-v-carey/,2d Cir.,Hero,Hero,Christopher Selletti,Mariah Carey
1999,US,Suzane McKinley v. Collin Raye,https://blogs.law.gwu.edu/mcir/case/suzane-mckinley-v-collin-raye/,N.D.Tex.,I Think About You,I Think About You,Suzane McKinley,Steve Seskin & Collin Raye
1999,US,ZZ Top v. Chrysler Corp.,https://blogs.law.gwu.edu/mcir/case/zz-top-v-chrysler-corp/,W.D. Wa.,La Grange,Promotional video for Plymouth Prowler,"Billy Gibbons, et al.",Chrysler Corporation
1999,DE,Anzilotti v. Hildenbeutel,https://blogs.law.gwu.edu/mcir/case/luca-anzilotti-et-al-v-ralf-hildenbeutel-et-al/,OLG [Higher State Court] Munich,Green Grass Grows (Earth follows),Superstring,Snap!,Cygnus X
2000,US,Armstrong v. Virgin Records,https://blogs.law.gwu.edu/mcir/case/armstrong-v-virgin-records/,S.D.N.Y.,Planetary Citizen,Unfinished Sympathy,"John McLaughlin, et al.","Robert Del Naja, et al"
2000,US,Three Boys Music v. Michael Bolton,https://blogs.law.gwu.edu/mcir/case/three-boys-music-v-michael-bolton/,9th Cir.,Love is a Wonderful Thing,Love is a Wonderful Thing,Isley Brothers,Michael Bolton and Andrew Goldmark
2000,US,Tisi v. Patrick,https://blogs.law.gwu.edu/mcir/case/tisi-v-patrick/,S.D.N.Y.,Sell Your Soul,Take A Picture,Michael Tisi,Richard Patrick
2000,FR,Bouffard v. Ministère Public,https://blogs.law.gwu.edu/mcir/case/bouffard-v-ministere-public/,Cour d’Appel [Regional Court of Appeal] Toulouse,Various pop songs in SACEM catalog,Mashups of various songs in SACEM catalog,,
2000,FR,"Cooper v. Ogilvy & Mather, et al.",https://blogs.law.gwu.edu/mcir/case/cooper-v-ogilvy-mather-et-al/,Tribunal de grande instance,The Lower we Fly,"""Pond's Nutrivits"" ads",Matthew Cooper,Ogilvy & Mather
2001,US,Oliviera v. Frito-Lay,https://blogs.law.gwu.edu/mcir/case/oliviera-v-frito-lay-et-al/,2nd Cir.,Girl from Ipenama,Frito-Lay TV ad,Astrud Gilberto,Frito-Lay Corp.
2001,IT,Albano Carrisi v. Michael Jackson,https://blogs.law.gwu.edu/mcir/case/albano-carrisi-v-michael-jackson/,Corte app. (Rome),I cigni di Balaka,Will You be There?,Albano Carrisi,Michael Jackson
2001,US,Marlon Williams v. Calvin Broadus,https://blogs.law.gwu.edu/mcir/case/marlon-williams-v-calvin-broadus/,S.D.N.Y.,The Symphony,Ghetto Symphony,Marlon Williams,Calvin Broadus
2001,US,Johnson v. Berry,https://blogs.law.gwu.edu/mcir/case/johnson-v-berry-2/,E.D. Mo.,Wee Wee Hours,N/A,Chuck Berry and Johnnie Johnson,N/A
2001,US,Toliver v. Sony Music,https://blogs.law.gwu.edu/mcir/case/toliver-v-sony-music/,D. Alaska,Independent Lady,Independent Women,Paula Toliver,Destiny's Child
2002,UK,Creagh v. Hit and Run Music,https://blogs.law.gwu.edu/mcir/case/creagh-v-hit-and-run-music/,Ch. Div.,Where are You Now,Where are You,Marianne Creagh,"Simon Stirling, et al."
2002,US,Jean et al. v. Bug Music,https://blogs.law.gwu.edu/mcir/case/jean-et-al-v-bug-music/,S.D.N.Y.,Hand Clapping Song,My Love is Your Love,"Leo Nocentelli, et al.",Nel Wyclef Jean and Jerry Duplessis
2002,UK,Malmstedt v. EMI Records,https://blogs.law.gwu.edu/mcir/case/malmstedt-v-emi-records/,Ch. D.,Jenny and I,Sleeping in my Car,Stephan Malmstedt,Per Gessle
2002,DE,Weh v. Universal Music Publishing,https://blogs.law.gwu.edu/mcir/case/weh-v-universal-music-publishing-2/,LG [State Court] Munich,Heartbeat,Get Over You,WEH,Sophie Ellis-Bextor
2003,US,Cottrill v. Spears,https://blogs.law.gwu.edu/mcir/case/cottrill-v-spears/,E.D. Pa.,What You See is What You Get,"What U See is What U Get, Can't Make You Love Me",Michael Cottrill and Lawrence Wnukowski,"Jorgen Elufsson, David Kreuger, Per Magnusson, Rami Yacoub"
2003,US,Newton v. Diamond,https://blogs.law.gwu.edu/mcir/case/newton-v-diamond/,9th Cir.,Choir,Pass the Mic,James W. Newton,"Adam Yauch, et al."
2003,US,Ory v. Country Joe McDonald,https://blogs.law.gwu.edu/mcir/case/ory-v-country-joe-mcdonald/,C.D. Cal.,Muskrat Ramble,I Feel Like I'm Fixin' to  Die Rag,"Edward ""Kid"" Ory",Joe McDonald
2003,US,Jorgensen v. Epic/Sony Records,https://blogs.law.gwu.edu/mcir/case/jorgensen-v-epicsony-records/,2d Cir.,Long Lost Lover,"My Heart Will Go On, Amazed",John L. Jorgensen,"James Horner, Will Jennings, Chris Lindsey, Aimee Mayo and Marv Green"
2003,DE,Ergin v. Kershaw,https://blogs.law.gwu.edu/mcir/case/in-re-ergin/,OLG [Higher State Court] Hamburg,Jingle of German bank: “Wenn’s ums Geld geht-Sparkasse”,Wouldn't It Be Good,"Mehmet Ergin, Christoph Lienemann",[Unknown Composer]
2003,JP,Kobayashi v. Hatorri,https://blogs.law.gwu.edu/mcir/case/kobayashi-v-hatorri/,Supreme Court of Japan,Dokomademo Ikou [Let's Go Anywhere],Kinenju [Memorial Tree],Asei Kobayashi,Katsuhisa Hattori
2004,PRC,Apollo v. Coca Cola,https://blogs.law.gwu.edu/mcir/case/apollo-inc-v-coca-cola-china-inc/,Beijing District Court,When the Sun Rises,Sunrise,Apollo Inc.,Coca-Cola (China) Inc.
2004,US,Swirsky v. Carey,https://blogs.law.gwu.edu/mcir/case/swirsky-v-carey/,9th Cir.,One of Those Love Songs,Thank God I Found You,Seth Swirsky and Warryn Campbell,Mariah Carey
2004,ZU,"Disney Enterprises, Inc. v. S.G. Griesel",https://blogs.law.gwu.edu/mcir/case/sample-griesel-v-disney-inc/,High Court of South Africa,Mbube,The Lion Sleeps Tonight,Soloman Ntsele [p/k/a/ Linda],"Pete Seger et al. (From Disney's 1997 Broadway musical ""The Lion King"")"
2004,US,Ulloa v. Universal,https://blogs.law.gwu.edu/mcir/case/ulloa-v-universal/,S.D.N.Y.,Brief countermelody to defendant's song,Izzo (H.O.V.A.),Demme Ulloa,Shawn Carter
2005,US,BMS Entertainment v. Bridges,https://blogs.law.gwu.edu/mcir/case/bms-entertainment-v-bridges/,S.D.N.Y.,Straight Like That,Stand Up,"Ramid Brown, et al.",Christopher Bridges
2005,US,"Bridgeport Music v. Dimension Films, et al.",https://blogs.law.gwu.edu/mcir/case/bridgeport-music-v-dimension-films-et-al/,6th Cir.,Get Off Your Ass and Jam,100 Miles and Runnin',George Clinton,"Eric Wright, et al."
2005,UK,Coffey v. Warner/Chappell Music,https://blogs.law.gwu.edu/mcir/case/coffey-v-warnerchappell-music/,Ch. D.,Forever After,Nothing Really Mattters,Elizabeth Coffey,Patrick Leonard & Madonna Ciccone
2005,US,Griffin v. J-Records,https://blogs.law.gwu.edu/mcir/case/griffin-v-j-records/,E.D. Wash.,Heart of Gold,Dance With My Father,Tia Griffin,"Richard Marx, Luther Vandross"
2005,US,Johnson v. Gordon,https://blogs.law.gwu.edu/mcir/case/johnson-v-gordon/,1st Cir.,You’re the One (For Me),You’re the One,Calvin R. Johnson,"Allen Gordon Jr., et al."
2005,US,Positive Black Talk v. Cash Money Records,https://blogs.law.gwu.edu/mcir/case/positive-black-talk-v-cash-money-records/,5th Cir.,Back That Ass Up,Back That Azz Up,"Jerome Temple (""Jubilee"")","Terius Gray (""Juvenile"")"
2005,US,Vargas v. Pfizer,https://blogs.law.gwu.edu/mcir/case/vargas-v-pfizer/,S.D.N.Y.,Bust Dat Groove Without Ride,Advertisement for Celebrex,Ralph Vargas and Bland-Ricky Roberts,"Brian Transeau, et al."
2005,PRC,Yong Wang v. Zhengben Zhu,https://blogs.law.gwu.edu/mcir/case/yong-wang-v-zhengben-zhu/,"Beijing Court of Appeals, First District",Send My Comrade to Beijing,Farewell to the Red Army,Yong Wang,Zhengben Zhu
2005,IT,Bacalov v. Endrigo,https://blogs.law.gwu.edu/mcir/case/bacalov-v-enrigo/,Cass. civ.,Nelle mie notti,Il Postino,Sergio Endrigo,Luis Bacalov
2006,US,Boone v. Jackson,https://blogs.law.gwu.edu/mcir/case/boone-v-jackson/,2d Cir.,Holla Back,Young 'N,"Carl Boone (""Trajik"")","John Jackson (""Fabolous"")"
2006,US,Tilford v. Jones,https://blogs.law.gwu.edu/mcir/case/tilford-v-jones-2/ ,S.D. Tex,Still Tippin',Still Tippin',Bradley Tilford,"Michael Jones, et al."
2007,US,Armour v. Knowles,https://blogs.law.gwu.edu/mcir/case/armour-v-knowles/,5th Cir.,Got a Little Bit of Love for You,Baby Boy,Jennifer Armour,Beyoncé Knowles
2007,US,Bridgeport Music v. Combs,https://blogs.law.gwu.edu/mcir/case/bridgeport-music-v-combs/,6th Cir.,Singing in the Morning,Ready to Die,"Robert Jones, et al.",Christopher Wallace
2007,US,"Lil' Joe Wein Music, Inc. v. Jackson",https://blogs.law.gwu.edu/mcir/case/lil-joe-wein-music-inc-v-jackson/,11th Cir.,It's Your Birthday,In Da Club,Luther Campbell,"Curtis James Jackson aka ""50 Cent"""
2007,TWN,People v. Hu,https://blogs.law.gwu.edu/mcir/case/people-v-hu/,Taiwan Pingtong Appellate Court,Lianshang Love Song,Bye Bye My Lover!,Lo,Hu
2007,US,Vargas v. Transeau,https://blogs.law.gwu.edu/mcir/case/vargas-v-transeau/,S.D.N.Y.,Aparthenonia,Bust Dat Groove Without Ride,Ralph Vargas and Bland-Ricky Roberts,Brian Transeau
2007,US,Velez v. Sony Discos,https://blogs.law.gwu.edu/mcir/case/velez-v-sony-discos/,S.D.N.Y.,Hasta Hoy,Tengo Ganas,Victor Velez,Victor Manuelle
2007,US,Lester v. U2,https://blogs.law.gwu.edu/mcir/case/lester-v-u2/,C.D. Cal.,Nowhere Fast,Vertigo,Chris Lester,U2 (band)
2007,PRC,"Huang Nenghua, et al. v. China Record Shanghai Co., Ltd.",https://blogs.law.gwu.edu/mcir/case/huang-nenghua-et-al-v-china-record-shanghai-co-ltd/,Shanghai Interm. People’s Court,"Arrangements of Chinese Operas, including: The Mother as Slave","Recording of popular vocal numbers from Chinese Operas, including a portion of The Mother as Slave",Xu Ruhui,Yang Feifei
2008,US,Glover v. Austin,https://blogs.law.gwu.edu/mcir/case/glover-v-austin/,2d Cir.,Make Up Your Mind,Unpretty,Corey Glover,"Tionne Watkins, et al."
2008,DE,"Winter v. Moore, et al.",https://blogs.law.gwu.edu/mcir/case/winter-v-moore-et-al/,Munich Distr. Ct.,Nordrach,Still Got the Blues,"Jurgen Winter, et al., (a.k.a. ""Jud's Gallery"")",Gary Moore
2008,IN,Sampath v. Roshan,https://blogs.law.gwu.edu/mcir/case/ram-sampath-v-rakesh-roshan-ors/,Bom. HC,The Thump,Krazzy 4 (Remix) & Breakfree (Remix),Ram Sampath,Vishal Dadlani
2009,US,Allen v. Destiny's Child,https://blogs.law.gwu.edu/mcir/case/allen-v-destinys-child/,N.D. Ill.,Cater 2 U,Cater 2 U,Rickey Allen,Destiny's Child
2009,US,Brainard v. Vassar,https://blogs.law.gwu.edu/mcir/case/brainard-v-vassar/,M.D.Tenn.,Good Ol' Days to Come,Good Ole Days,Dustin Evans,Phil Vassar
2009,US,"Steele v. Bongiovi, et al.",https://blogs.law.gwu.edu/mcir/case/samuel-steele-v-jon-bongiovi-et-al/,D. Mass.,Man I Really Love This Team,I Love This Town,Samuel Steele,Jon Bongiovi
2009,US,"Bridgeport Music, Inc. v. UMG Recordings, Inc",https://blogs.law.gwu.edu/mcir/case/bridgeport-music-inc-v-umg-recordings-inc/,6th Cir.,Atomic Dog,D.O.G. In Me,George Clinton,"Robert Kelly, et al. (""Public Announcement"")"
2009,US,Jones v. Blige,https://blogs.law.gwu.edu/mcir/case/jones-v-blige/,6th Cir.,Party Ain't Crunk,Family Affair,Leonard Jones and James E. White,Mary J. Blige
2009,US,"Joe Satriani v. Christopher Martin, et al. [Coldplay]",https://blogs.law.gwu.edu/mcir/case/inplay-joe-satriani-v-christopher-martin-et-al-coldplay/,C.D. Cal.,If I Could Fly,Viva la Vida,Joe Satriani,Christopher Martin et al. [Coldplay]
2009,DE,Weh v. Universal Music Publishing,https://blogs.law.gwu.edu/mcir/case/weh-v-universal-music-publishing/,KG [Higher State Court] Berlin,Heartbeat,Get Over You,WEH,Sophie Ellis-Bextor
2010,US,"Currin v. Pharrell Williams, et al.",https://blogs.law.gwu.edu/mcir/case/currin-et-al-v-arista-records-inc-et-al/,D. Conn.,I'm Frontin',Frontin,David & Peter Currin,Pharrell Williams
2010,AU,Larrikin Music Publishing Ltd. v. EMI Songs Australia Ltd.,https://blogs.law.gwu.edu/mcir/case/larrikin-music-publishing-ltd-v-emi-songs-australia-plty-ltd/,Fed. Ct. Aus.,Kookaburra Sits in the Old Gum Tree,Down Under,Marion Sinclair,"Colin Hay (""Men At Work"")"
2010,US,Marshall v. Huffman,https://blogs.law.gwu.edu/mcir/case/marshall-v-huffman/,N.D. Cal.,You are the One,My Love,Preston Marshall,"John Huffman, Real Content Media Group, Mariah Carey"
2010,US,"Prunte v. Universal Music Group Inc., et al.",https://blogs.law.gwu.edu/mcir/case/prunte-v-universal-music-group-inc-et-al/,D.C. Cir.,"Fire in Da Hole, Plus Others","Fire in the Hole, Plus Others",Robert R. Prunte,"Black Rob, et al."
2010,US,Martel Ellis v. Wyclef Jean,https://blogs.law.gwu.edu/mcir/case/inplay-martel-ellis-v-wyclef-jean/,S.D.N.Y.,Danger,Welcome to the East,Martel Ellis,Wyclef Jean
2010,US,"Ebony Latrice Batts v. William Adams, et al. [“Black Eyed Peas”]",https://blogs.law.gwu.edu/mcir/case/inplay-ebony-latrice-batts-v-william-adams-et-al-black-eyed-peas/,C.D. Cal.,Boom Dynamite,Boom Boom Pow,Ebony Latrice Batts aka “Phoenix Phenom”,"William Adams, et al. [“Black Eyed Peas”]"
2010,US,"Holmes v. Page, et al.",https://blogs.law.gwu.edu/mcir/case/holmes-v-page-et-al/,C.D. Cal.,Dazed and Confused,Dazed and Confused,Jake Holmes,Led Zeppelin
2011,US,"Ernest Straughter v. Usher Raymond, et al.",https://blogs.law.gwu.edu/mcir/case/inplay-ernest-straughter-v-usher-raymond-et-al/,C.D. Cal.,The Reasons Why,Burn,Ernest Straughter,"Usher Raymond, et al."
2011,US,Pyatt v. Raymond,https://blogs.law.gwu.edu/mcir/case/pyatt-v-raymond/,S.D.N.Y.,Caught Up,Caught Up,Wadena Pyatt,Usher Raymond
2011,US,Lessem v. Taylor,https://blogs.law.gwu.edu/mcir/case/lessem-v-taylor2/,S.D.N.Y.,Elevator,How We Do,"Ryan Lessem, Douglas Johnson","Jayceon Taylor (“The Game”), Andre Young (“Dr. Dre”), Michael Elizondo, Curtis Jackson (“50 Cent”)"
2011,US,"Saregama India v. Timothy Mosley, et al.",https://blogs.law.gwu.edu/mcir/case/saregama-india-v-timothy-mosley-et-al/,11th Cir.,Baghon Mein Behar Hai,Put You on the Game,Anonymous,"Timothy Mosley, aka ""Timbaland"""
2011,DE,"Eight Mile Style [Marshall Mathers, aka Eminem” v. Audi GmbH",https://blogs.law.gwu.edu/mcir/case/inplay-eight-mile-style-marshall-mathers-aka-eminem-v-audi-gmbh/,Hamburg Regional Court,Advertisement for Chrysler Corp.,​Advertisement for Audi A6 “Avant”,Marshall Mathers [aka “Eminem”],Audi GmbH
2011,DE,Obinger v. McDonald's,https://blogs.law.gwu.edu/mcir/case/obinger-v-mcdonalds/,OLG [Higher State Court] Munich,,McDonald's-Jingle,Stephan Obinger,McDonald's Corporation
2011,US,Stokes v. Stephens,https://blogs.law.gwu.edu/mcir/case/stokes-v-stephens/,D.N.J.,Where are You Now?,Maxine's Interlude,Anthony Stokes,John Legend
2012,US,"Lyles v. Capital - EMI Music, Inc., et al.",https://blogs.law.gwu.edu/mcir/case/lyles-v-capital-emi-music-inc-et-al/,S.D. Ohio,Without You,Without You,Bruce Lyles,David Guetta
2012,US,Peters v. West,https://blogs.law.gwu.edu/mcir/case/vincent-peters-v-kanye-west-et-al/,7th Cir.,Stronger,Stronger,Vince Peters,Kanye West
2012,TWN,People v. Xinru Wang,https://blogs.law.gwu.edu/mcir/case/people-v-xinru-wang/,Taiwan Shilin District Court,What Is Wrong with Love,Sleeping Beauty,Meiru Huang,Xinru Wang
2012,US,Done Deal v. Carter,https://blogs.law.gwu.edu/mcir/case/done-deal-ent-v-carter/,S.D.N.Y.,Bedrock,Bedrock,William Keith,"Dwayne Carter, aka Lil Wayne"
2012,US,Poindexter v. EMI Record Group,https://blogs.law.gwu.edu/mcir/case/robert-poindexter-v-emi-record-group/,S.D.N.Y.,Thin Line Between Love and Hate,Washed Away,"Robert Poindexter, et al.",EMI Record Group
2012,PRC,Rui Hua Wang v. Qi Gang Chen,https://blogs.law.gwu.edu/mcir/case/rui-hua-wang-v-qi-gang-chen-et-al/,Sup. Ct. Beijing,You and Me,You and Me,Rui Hua Wang,Qi Gang Chen
2012,US,Black Keys v. Home Depot and Pizza Hut,https://blogs.law.gwu.edu/mcir/case/inplay-black-keys-v-home-depot-and-pizza-hut/,C.D. Cal.,Lonely Boy; Gold on the Ceiling,Advertisement for Home Depot; Advertisement for Pizza Hut,Daniel Auerbach and Patrick Carney,
2012,US,Erickson v. Blake,https://blogs.law.gwu.edu/mcir/case/erickson-v-blake/,D. Or.,Pi Symphony,What Pi Sounds Like,Lars Erickson,Michael John Blake
2012,,"Barobax v. Chakraborty, et al.",https://blogs.law.gwu.edu/mcir/case/inplay-barobax-v-chakraborty-et-al/,,Soosan Khanoom,Pyaar Ki Pungi,Kevian Haghgoo et al.,Pritam Chakraborty
2013,US,Hobbs v. John,https://blogs.law.gwu.edu/mcir/case/hobbs-v-john/,7th Cir.,Natasha,Nikita,Guy Hobbs,Elton John
2013,US,Loomis v. Cornish,https://blogs.law.gwu.edu/mcir/case/loomis-v-cornish/,C.D. Cal.,Bright Red Chords,Domino,Will Loomis,Jessica Cornish
2013,US,"Twilight Records v. Raymond, et al.",https://blogs.law.gwu.edu/mcir/case/twilight-records-v-raymond-et-al/,N.D. Ill.,Syl Johnson,Different Strokes,Usher Raymond,Call Me a Mack
2013,US,"Love v. Universal Music Group, Inc.",https://blogs.law.gwu.edu/mcir/case/love-et-al-v-universal-music-group-inc/ ,W.D. Mo.,I'm Doing My Job,Doin My Job,Bloodstone,Kanye West
2014,US,"Francescatti v. Germanotta [""Lady Gaga""]",https://blogs.law.gwu.edu/mcir/case/rebecca-francescatti-v-stefani-germanotta-aka-lady-gaga/,N.D. Ill.,Juda,Judas,Rebecca Francescatti,Stefani Germanotta
2014,US,"Pringle v. Adams [""Black Eyed Peas""]",https://blogs.law.gwu.edu/mcir/case/bryan-pringle-v-william-adams-et-al-black-eyed-peas/,9th Cir.,Take a Drive,I Gotta Feeling,Brian Pringle,"William Adams, et al."
2014,US,Steward v. Kanye West,https://blogs.law.gwu.edu/mcir/?post_type=case&p=14270&preview=true,C.D. Cal.,Bumpin' Bus Stop,Gold Digger,David Pryor,Kanye West
2014,US,"TufAmerica, Inc. v. Warner Bros Music Corp., et al",https://blogs.law.gwu.edu/mcir/case/tufamerica-inc-v-warner-bros-music-corp-et-al/,S.D.N.Y.,"Hook & Sling, Pt. I",Run This Town,Eddie Bo & The Soul Finders,"Shawn Carter (""Jay-Z"") et al."
2014,US,Mayimba Music v. Sony,https://blogs.law.gwu.edu/mcir/case/mayimba-music-v-sony-corp-of-america/,S.D.N.Y.,Loca con su Tiguere,Loca con su Tiguere,Ramon Arias Vasquez,Eduard Edwin Bello Pou
2014,US,Paul Batiste v. Faheem Rasheed Najm,https://blogs.law.gwu.edu/mcir/?post_type=case&p=10824&preview=true,E.D. La.,I Like Your Way; Blues Man,Put It Down; Reggae Nigh,Paul Batiste,Faheem Rasheed Najm (p/k/a T-Pain)
2014,DE,Musikverlag Richard Birnbach v. ZDF,https://blogs.law.gwu.edu/mcir/case/musikverlag-richard-birnbach-v-zdf/,OLG [Higher State Court] Munich,Fanfaren-Blues,"""Today"" Jingle","Klaus Wüsthoff, Hans Günter Wagener",ZDF
2015,US,Lane v. Knowles-Carter,https://blogs.law.gwu.edu/mcir/case/lane-v-knowles-carter/,S.D.N.Y.,X.O.X.O.,X.O.,Ahmad Javon Lane,Beyonce Knowles-Carter
2015,US,"New Old Music v. Gottwald, et al.",https://blogs.law.gwu.edu/mcir/case/new-old-music-v-gottwald-et-al/,S.D.N.Y.,Zimba ku,Price Tag,Lenny Lee Goldsmith,"Jessica Cornish, et al."
2015,US,"Devin Copeland v. Justin Bieber, et al.",https://blogs.law.gwu.edu/mcir/case/devin-copeland-v-justin-bieber-et-al/,4th Cir.,Someone to Love,Someone to Love,Devin Copeland,"Justin Bieber, et al."
2015,US,"TufAmerica v. Diamond, et al.",https://blogs.law.gwu.edu/mcir/case/tufamerica-v-diamond-et-al-beastie-boys/,S.D.N.Y.,Say What; Drop the Bomb,Shadrach; Car Thief; Hold It,Trouble Funk [band],"Diamond, Horovitz, et al. [Beastie Boys]"
2015,US,"Miles Floyd v. Rod Stewart, et al.",https://blogs.law.gwu.edu/mcir/case/inplay-miles-floyd-v-rod-stewart-et-al/,N.D. Ga.,Corrine Corrina,Corrina Corrina,"American folk song, as performed by Bo Carter","American folk song, as performed by Rod Stewart"
2015,US,"Daniel Marino v. Usher, et al.",https://blogs.law.gwu.edu/mcir/case/inplay-daniel-marino-v-usher-et-al/,E.D. Pa.,,Bad Girl,Daniel Marino,Usher Raymond
2015,US,Tom Petty v. Sam Smith,https://blogs.law.gwu.edu/mcir/case/inplay-tom-petty-v-sam-smith/,,I Won't Back Down,Stay With Me,Tom Petty and Jeff Lynne,Sam Smith
2015,US,Richard Friedman v. Hans Zimmer,https://blogs.law.gwu.edu/mcir/case/inplay-richard-friedman-v-hans-zimmer/,C.D. Cal.,To Our Fallen,Music score for “12 Years a Slave”,Richard Friedman,Hans Zimmer
2015,DE,Dark Sanctuary v. Bushido,https://blogs.law.gwu.edu/mcir/case/dark-sanctuary-v-bushido/,BGH [Federal Court of Justice],Les Memoires Blessées,Janine,Dark Sanctuary,Bushido
2015,FR,Johnson v. Goldman,https://blogs.law.gwu.edu/mcir/case/johnson-v-goldman/,Cour de cassation [supreme court for judicial matters],Forever,Aicha,Jefferson/Jean-François Johnson,Jean-Jacques Goldman
2015,US,"Guzman v. Hacienda Records, et al.",https://blogs.law.gwu.edu/mcir/case/guzman-v-hacienda-records-inc/,5th Cir.,"Triste Adventura, alternatively known as Cartas de Amor",Cartas de Amor,Jose Guzman,Hacienda Records
2015,IT,Universal Music Publishing v. Sony BMG Music Entertainment,https://blogs.law.gwu.edu/mcir/case/universal-music-publishing-v-sony-bmg-music-entertainment/,Cass. civ.,Zingara,"Prendi questa mano, zingara",Enrico Riccardi and Luigi Albertelli,Francesco De Gregori
2016,US,Fahmy v. Jay Z et al.,https://blogs.law.gwu.edu/mcir/case/fahmy-v-jay-z-et-al/,C.D. Cal.,"Khosara, Khosara",Big Pimpin',Baligh Hamdi,Jay Z et al.
2016,US,Bowen v. Paisley,https://blogs.law.gwu.edu/mcir/case/bowen-v-paisley/,M.D. Tenn.,Remind Me,Remind Me,Amy Bowen,"Brad Paisley, et al"
2016,US,"VMG Salsoul v Madonna Ciccone, et al.",https://blogs.law.gwu.edu/mcir/case/vmg-salsoul-llc-v-madonna-louise-ciccone-et-al/,9th Cir.,Chicago Bus Stop,Vogue,"Vincent Montana, Richard Pettibone","Madonna Ciccone, Richard Pettibone"
2016,US,"McDonald v. West, et al.",https://blogs.law.gwu.edu/mcir/case/joel-mcdonald-v-kanye-west-et-al/,2d Cir.,Made in America,Made in America,Joel McDonald,"Kanye West, et al."
2016,US,We Shall Overcome Foundation v. Richmond Foundation & Ludlow Music,https://blogs.law.gwu.edu/mcir/case/we-shall-overcome-foundation-v-richmond-organization-ludlow-music/,S.D.N.Y,We Shall Overcome,NA,African-American Spiritual,NA
2016,US,"Alisa Apps v. Universal Music, et al.",https://blogs.law.gwu.edu/mcir/case/inplay-alisa-apps-v-universal-music-et-al/,D. Nev.,Need to Know,Love Me Again,Alisa Apps,John Newman
2016,US,Arnett v. Alan Jackson & Sony Music,https://blogs.law.gwu.edu/mcir/case/inplay-arnett-v-alan-jackson-sony-music/,E.D.N.C.,Remember Me,Remember When,Timothy Arnett,Alan Jackson
2016,US,"BMG v. Atlantic Recording Organization, et al.",https://blogs.law.gwu.edu/mcir/case/inplay-bmg-v-atlantic-recording-organization-et-al/,S.D.N.Y.,Came to Do,Post to Be,"Joseph Bereal, et al.","Omari Ishmael Grandberry, aka “Omarion”"
2016,US,"Eric Smith, et al. v. Amanda Jiroux, et al.",https://blogs.law.gwu.edu/mcir/case/inplay-eric-smith-et-al-v-amanda-jiroux-et-al/,C.D. Cal.,No Rain,Insane,"Eric  Smith, et al.",Amanda Jiroux
2016,US,"Gabor Presser v. Kanye West, et al.",https://blogs.law.gwu.edu/mcir/case/inplay-gabor-presser-v-kanye-west-et-al/,S.D.N.Y.,Gyongyhaju Lany,New Slaves,Gabor Presser & Anna Adamis,Kanye West
2016,US,"Mattie Music Group v. Lamar, Warner/Chappell, et al.",https://blogs.law.gwu.edu/mcir/case/inplay-mattie-music-group-v-lamar-warnerchappell-et-al/,C.D. Cal.,Don't You Want to Stay,I Do This,"Bill Withers, et al.","Kendrick Lamar, et al."
2016,US,"McElroy, et al. v. Eriksen, et al.",https://blogs.law.gwu.edu/mcir/case/inplay-mcelroy-et-al-v-eriksen-et-al/,C.D. Cal.,Why You Treat Me So Bad,I'm Worth It,"Thomas McElroy, Denzil Delano, Jay King","Mikkel Eriksen, et al."
2016,US,"Songs Music Publishing v. Porsche, et al.",https://blogs.law.gwu.edu/mcir/case/inplay-songs-music-publishing-v-porsche-et-al/,M.D. Tenn.,Jungle,Advertisement for Porsche’s Cayman 718 automobile,Members of  the band “X Ambassadors”,Cramer-Krasselt advertising agency
2016,US,"Yours, Mine & Ours v. Sony, et al.",https://blogs.law.gwu.edu/mcir/case/inplay-yours-mine-ours-v-sony-et-al/,C.D. Cal.,Young Girls,Uptown Funk,Members of  “electro-funk” band Collage,Peter Hernandez (“Bruno Mars”) et al.
2016,US,"Estate of Armetia Chatmon v. Eric Clapton, et al.",https://blogs.law.gwu.edu/mcir/case/inplay-estate-of-armetia-chatmon-v-eric-clapton-et-al/,M.D. Tenn.,"Corrine, Corrina","Alberta, Alberta",Public domain blues number performed by Bo Carter (Chatmon),Public domain blues number performed by Eric Clapton
2016,US,"Miller, et al. dba “Sleigh Bells” v. Demi Lovato",https://blogs.law.gwu.edu/mcir/case/inplay-miller-et-al-dba-sleigh-bells-v-demi-lovato/,C.D. Cal.,Infinity Guitars,Stars,“Sleigh Bells” [band],Demi Lovato
2016,US,"Greggs v. Grande, et al.",https://blogs.law.gwu.edu/mcir/case/inplay-greggs-v-grande-et-al/,C.D. Cal.,Takes All Night,One Last Time,Alex Greggs,Ariana Grande
2016,US,"HaloSongs, Inc., Martin Harrington, Thomas Leonard v. Ed Sheeran, et al.",https://blogs.law.gwu.edu/mcir/case/inplay-halosongs-inc-martin-harrington-thomas-leonard-v-ed-sheeran-et-al/,C.D. Cal.,Amazing,Photograph,Martin Harrington & Thomas Leonard,Ed Sheeran & John McDaid
2016,US,"Darlene Love v. Scripps Network, Inc.",https://blogs.law.gwu.edu/mcir/case/inplay-darlene-love-v-scripps-network-inc/,N.D. Cal.,Christmas (Baby Please Come Home),,"Jeff Barry, et al.",
2016,US,"Casey Dienel v. Justin Bieber, et al.",https://blogs.law.gwu.edu/mcir/case/inplay-casey-dienel-v-justin-bieber-et-al/,M.D. Tenn.,Ring the Bell,Sorry,Casey Dienel,"Julia Michael, Justin Tranter, Justin Bieber, Thomas Pentz, et al."
2016,US,"Cirque du Soleil v. Justin Timberlake, et al.",https://blogs.law.gwu.edu/mcir/case/inplay-cirque-du-soleil-v-justin-timberlake-et-al/,S.D.N.Y.,Steel Dream,Don't Hold the Wall,Cirque du Soleil,"Justin Timberlake, et al."
2016,US,"PK Music v. Justin Timberlake, et al.",https://blogs.law.gwu.edu/mcir/case/inplay-pk-music-v-justin-timberlake-et-al/,S.D.N.Y.,A New Day is Here at Last,Damn Girl,Perry Kibble,"Justin Timberlake, et al."
2016,FR,Feriol v. Maurici,https://blogs.law.gwu.edu/mcir/case/feriol-v-maurici/,Cour de cassation [supreme court for judicial matters],Les Chansons d’artiste,Si seulement je pouvais lui manquait,Laurent Feriol,Calogero Joseph Salvatore Maurici (“Calogero”)
2017,US,"Parker, et al. v. Winwood, et al.",https://blogs.law.gwu.edu/mcir/case/parker-v-winwood-et-al/,M.D. Tenn.,Ain't That a Lot of Loving,Gimmee Some Lovin,Willia Dean Parker & Homer Banks,"Mervyn Winwood, et al."
2017,US,Roberts v. Gordy,https://blogs.law.gwu.edu/mcir/case/roberts-v-gordy/,11th Cir.,Hustlin,Party Rock Anthem,"Wiliam Roberts, Andrew Harr, Jermaine Jackson","Stefan & Skyler Gordy (""LMFAO"")"
2017,US,Mitchell v. Priority Records,https://blogs.law.gwu.edu/mcir/case/mitchell-v-priority-records-et-al/,W.D. Ky.,Star in the Ghetto,If It Ain't Ruff,Leroy Mitchell,"Andre Young( ""Dr. Dre"")"
2017,US,Abdul Muhammad v. Chancellor Bennett,https://blogs.law.gwu.edu/mcir/case/inplay-abdul-muhammad-v-chancellor-bennett/,N.D. Ill.,Bridge Through Time,Windows,Abdul Muhammad (Erik Saunders),Chancellor Bennett (“Chance Rapper”)
2017,US,"Lastrada Entertainment v. Mark Ronson, et al.",https://blogs.law.gwu.edu/mcir/case/inplay-lastrada-entertainment-v-mark-ronson-et-al/,S.D.N.Y.,More Bounce to the Ounce,Uptown Funk,Roger Troutman,Mark Ronson
2017,US,"Enclosed Music v. Steinman, et al.",https://blogs.law.gwu.edu/mcir/case/inplay-enclosed-music-v-james-steinman-et-al/,C.D. Cal.,[I’d do] Anything for You,I’d do Anything for Love,"Jon Dunmore, Mike Molina",James Steinman
2017,US,"Sean Hall, et al. v. Taylor Swift, et al.",https://blogs.law.gwu.edu/mcir/case/inplay-sean-hall-et-al-v-taylor-swift-et-al/,C.D. Cal.,Playas Gon’ Play,Shake It Off,Sean Hall,Taylor Swift
2017,US,"Estate of Barre v. Beyoncé Knowles Carter, Sony Music, et al.",https://blogs.law.gwu.edu/mcir/case/inplay-barre-v-beyonce-knowles-carter-sony-music-et-al/,E.D. La.,Booking the Hoes from New Wildings; A 27 Piece Huh?,Formation,Anthony Barre aka “Messy Mya”,Beyoncé Knowles Carter
2017,US,"Golden Crown Publishing v. Sony Music, Jonathan Smithy [aka “Lil’ Jon”], et al.",https://blogs.law.gwu.edu/mcir/case/inplay-golden-crown-publishing-v-sony-music-jonathan-smithy-aka-lil-jon-et-al/,S.D.N.Y.,Turn Down for What?,Turn Down for What?,"Fredley Saurel [aka “Freddy GZ”], et al.","Jonathan Smith [aka Lil’ Jon”], et al."
2017,US,"Bosh v. Univision Communications, Inc.",https://blogs.law.gwu.edu/mcir/case/inplay-joel-bosh-v-univision-communications/,S.D. Fla.,Yo Soy Boricua,Advertisement for Spanish language Sesame Street,Joel Bosh,"Univision Communications, Inc."
2017,IN,Super Cassettes v. Trimurti Films,https://blogs.law.gwu.edu/mcir/case/super-cassetes-industries-pvt-ors-vs-trimurti-films-pvt-ltd/,Bom. HC,Kehdoon Tumhe,Socha Hai (Kehdoon Tumhe Remix,Kishore Kumar & Asha Bhosle,Jumin Nautiyal & Neeti Mohan
2017,US,"Stone et al. v. TIG7 Publishing, LLC et al.",https://blogs.law.gwu.edu/mcir/case/stone-et-al-v-tig7-publishing-llc-et-al/,N.D. Ga.,Funk You Up,Uptown Funk,The Sequence,Bruno Mars & Mark Ronson
2018,US,"Paul Rose v. Paul David Hewson, aka “Bono”, et al.",https://blogs.law.gwu.edu/mcir/case/inplay-rose-hewson/,S.D.N.Y.,Nae Slappin',The Fly,Paul Rose,"Paul Hewson, aka “Bono”, et al."
2018,US,"Abiodun Oyewole v. Rita Ora, et al.",https://blogs.law.gwu.edu/mcir/case/abiodun-oyewole-vs-rita-ora-et-al/,S.D.N.Y.,When the Revolution Comes,How We do Party; Party and Bullshit; Calm Down,Abiodun Oyewole,Rita Ora; Christopher Wallace; Marshall Mathers & Trevor Smith
2018,US,"Wilson v. Dynatone Pub., et al.",https://blogs.law.gwu.edu/mcir/case/wilson-v-dynatone-pub-et-al/,2d Cir.,Sho' Nuff,Suit & Tie,"John Wilson, Charles Still, Terrance Stubbs",Justin Timberlake
2018,US,"Cortes-Ramos v. Enrique Martin-Morales (""Ricky Martin"")",https://blogs.law.gwu.edu/mcir/case/luis-cortes-ramos-v-sony-ricky-martin-et-al/,1st Cir.,World Cup Song Contest Entry,Vida,Luis Cortes-Ramos,Ricky Martin
2018,US,"Fahmy v. Jay Z, et al.",https://blogs.law.gwu.edu/mcir/case/fahmy-v-jay-z-et-al/,9th Cir.,"Khosara, Khosara",Big Pimpin',Baligh Hamdi,"Jay Z, et al."
2018,US,"Pharrell Williams, et al. v. Frankie Gaye, et al.",https://blogs.law.gwu.edu/mcir/case/pharrell-williams-et-al-v-frankie-gaye-et-al/,9th Cir.,Got to Give it Up,Blurred Lines,Marvin Gaye,"Robin Thicke, Pharrell Williams"
2018,US,"Lela Weems v. Odd Future Records, et al.",https://blogs.law.gwu.edu/mcir/case/inplay-lela-weems-v-odd-future-records-et-al/,C.D. Cal.,Why Can't There Be Love,Deathcamp,Herman Weems,Tyler Okonma
2018,US,"Michael May v. Miley Ray Cyrus, et al.",https://blogs.law.gwu.edu/mcir/case/inplay-michael-may-v-miley-ray-cyrus-et-al/,S.D.N.Y.,We Run Things,We Can't Stop,Michael May,Miley Ray Cyrus
2018,US,[INPLAY] Platinum Jack Entertainment v. ESPN and Chick-Fil-A,https://blogs.law.gwu.edu/mcir/case/inplay-platinum-jack-entertainment-v-espn-and-chick-fil-a/,N.D. Tex.,Best I Had,Ads Aired on ESPN,Drayter [Band],Chick-Fil-A Advertising Agency
2018,US,Carey v. Sheeran,https://blogs.law.gwu.edu/mcir/case/inplay-carey-v-sheeran/,S.D.N.Y.,When I Found You,The Rest of Our Life,"Sean Carey, Beau Golden, Jasmine Rae",Edward Sheeran
2018,US,"Del Rio v. Virgin America, et al.",https://blogs.law.gwu.edu/mcir/case/inplay-del-rio-v-virgin-america-et-al/,C.D. Cal.,Flight Safety Video,,Neomi Del Rio,Virgin America
2018,US,"Jamie Ciero v. Disney, et al.",https://blogs.law.gwu.edu/mcir/case/inplay-jamie-ciero-v-disney-et-al/,C.D. Cal.,Volar,Let It Go,Jamie Ciero,Disney
2018,US,Tracy Chapman v. Nicki Minaj,https://blogs.law.gwu.edu/mcir/case/tracy-chapman-v-nicki-minaj/,C.D. Cal.,Baby Can I Hold You,Sorry,Tracy Chapman,Nicki Minaj ft. Nas
2018,US,"[INPLAY] Brighter Sky Productions LLC, et al. v. Marriott International, Inc., et al.",https://blogs.law.gwu.edu/mcir/?post_type=case&p=10076&preview=true,N.D.Ill.,Rocket Boys Musical,October Sky Musical,"Dan Tramon, Diana Belkowski, and Carl Anthony Tramon","Marriott International, Inc, and Universal Pictures"
2018,US,"Benny Mardones, et al. v. Cyndi Lauper, et al.",https://blogs.law.gwu.edu/mcir/?post_type=case&p=10000&preview=true,S.D.N.Y.,Into the Night,Raise You Up,Benny Mardones & Robert Tepper,Cyndi Lauper
2018,US,"Richard Morrill v. Gwen Stefani, Pharrell Williams, et al.",https://blogs.law.gwu.edu/mcir/?post_type=case&p=9569&preview=true,C.D. Cal.,Who's Got My Lightah (1996) / Who's Got My Lighter (2009),Spark the Fire,Richard Morrill,Gwen Stefani & Pharrell Williams
2018,DE,Stahlgewitter v. Frei.Wild,https://blogs.law.gwu.edu/mcir/case/stahlgewitter-v-frei-wild/,OLG [Higher State Court] Hamburg,Auftrag Deutsches Reich,"Schenkt uns Dummheit, kein Niveau",Stahlgewitter,Frei.Wild
2018,JP,Harumaki Gohan v. Mori,https://blogs.law.gwu.edu/mcir/case/harumaki-gohan-v-mori/,,Hachigatsu no Rainy [August Rainy],M.A.K.E.,Harumaki Gohan,Yamato Mori
2019,NZ,Eight Mile Style v. New Zealand National Party,https://blogs.law.gwu.edu/mcir/case/eight-mile-style-v-new-zealand-national-party-et-al/,H.C. N.Z.,Lose Yourself,Eminem Esque,"Marshall Mathers, et al.",Michael Cohen
2019,US,The Rolling Stones v. The Verve,https://blogs.law.gwu.edu/mcir/case/the-rolling-stones-v-the-verve/,,The Last Time,Bittersweet Symphony,The Rolling Stones,The Verve
2019,US,"Andrew Green v. Kanye West, et al.",https://blogs.law.gwu.edu/mcir/case/andrew-green-v-kanye-west/,D.S.C.,Video Recording of child praying,Ultralight Beam,Alice T. Johnson and N.G (minor child),Kanye West
2019,US,"William Smith et al. v. ""The Weeknd""",https://blogs.law.gwu.edu/mcir/case/william-smith-et-al-v-the-weeknd-et-al/,C.D. Cal,I Need to Love,A Lonely Night,"William Smith, Brian Clover, Scott McCulloch",Abel M. Tesfaye (“The Weeknd”)
2019,US,"Song-a-tron Music, et al. v. Jones, et al.",https://blogs.law.gwu.edu/mcir/case/song-a-tron-music-et-al-v-jones-et-al/,S.D.N.Y,Back it Up,24 Hours,Song-A-Tron Music,"Christian Jones (""TeeFLii"")"
2019,DE,[INPLAY] Hütter v. Pelha,https://blogs.law.gwu.edu/mcir/case/hutter-v-pelham/,Court of Justice of EU,Metall auf Metall,Nur mir,Kraftwerk,Sabrina Setlur
2019,US,Mimi Korman v. Julio Iglesias,https://blogs.law.gwu.edu/mcir/?post_type=case&p=10083&preview=true,11th Cir.,Me Olvide de Vivir,Me Olvide de Vivir,Mimi Korman,Julio Iglesias
2019,US,"Rodriguez v. Avalos, et al.",https://blogs.law.gwu.edu/mcir/case/rodriguez-v-avalos/,W.D. Tex.,Pediré,Pediré,Esmeralda Lucy Rodriguez,"Eric Avalos, Courtney Rico, Chavalos Music, Inc."
2019,US,"[INPLAY] Nicholas v. Pigott, et al.",https://blogs.law.gwu.edu/mcir/case/nicholas-v-pigott-et-al/,E.D. La.,Roll Call (Instrumental),That beat; In my feelings; Nice for what,"Samuel Nicholas III (""Sam Scully"")","Adam J. Pigott (""BlaqNmilD""); Aubrey Drake Graham (""Drake"")"
2019,US,"[INPLAY] Brandon Lee (""Don Lee""), et al. v. Hill (""Lil Nas X""), et al.",https://blogs.law.gwu.edu/mcir/case/brandon-lee-don-lee-et-al-v-hill-lil-nas-x-et-al/,S.D.N.Y.,gwenXdonlee4-142,Rodeo,"Brandon Lee (""Don Lee"") & Glen Demeritt","Montero Lamar Hill (""Lil Nas X""), et al."
2019,US,Zachry Brown v. Ryan Tedder,https://blogs.law.gwu.edu/mcir/case/zachary-brown-v-ryan-tedder-inplay/,C.D. Cal.,Nowhere Left to Go,,Zachry Brown,Ryan Tedder
2019,US,"Mark Halper v. Sony/ATV Music Publishing, LLC, et al.",https://blogs.law.gwu.edu/mcir/?post_type=case&p=10280&preview=true,6th Cir.,Don't Throw Our Love Away,Stay With Me,Mark Halper,"Sam Smith, et al."
2019,US,New Day Worldwide v. Taylor Swift,https://blogs.law.gwu.edu/mcir/case/new-day-worldwide-v-taylor-swift-2/,C.D. Cal.,Haters gone Hate,Shake it Off,Jesse Graham,Taylor Swift
2019,US,"[INPLAY] Key, et al. (""Yellowcard"") v. Higgins, et al. (""Juice WRLD"")",https://blogs.law.gwu.edu/mcir/case/key-et-al-yellowcard-v-higgins-et-al-juice-wrld/,C.D. Cal,Holly Wood Died,Lucid Dreams,"Ryan Key, et al. (""Yellowcard"")","Jared A. Higgins (""Juice WRLD""), et al."
2019,US,Brown v. Netflix,https://blogs.law.gwu.edu/mcir/case/brown-v-netflix-2/,S.D.N.Y.,Fish Sticks n' Tater Tots (song),Burlesque: Heart of the Glitter Tribe (film),"Tamita Brown, et al.","Netflix, et al."
2019,US,Guity v. Santos,https://blogs.law.gwu.edu/mcir/case/guity-v-santos/ ,S.D.N.Y.,Eres Mia,Eres Mia,Nazim Guity,Anthony Santos
2019,US,"Pickett v. Migos Touring, Inc., et al.",https://blogs.law.gwu.edu/mcir/case/pickett-v-migos-touring-inc-et-al/,S.D.N.Y.,Walk It Like I Talk It,Walk It Talk IT,"Leander C. Pickett (""M.O.S."")","Migos Touring, Inc. (""Migos""), et al."
2019,US,Stone v. Dudley,https://blogs.law.gwu.edu/mcir/case/stone-v-dudley/,C.D. Cal.,,Sharon Stoned,Sharon Stone,Chelsea Dudley a/k/a/ Chanel West Coast
2019,US,"Batiste v. Lewis, et al.",https://blogs.law.gwu.edu/mcir/case/inplay-batiste-v-ben-haggerty-aka-macklemore-et-al/,E.D. La.,Hip Jazz; World of Blues; Salsa 4 Elise; I Got the Rhythm On,Thrift Shop; Neon Cathedral,Paul Batiste,"Ryan Lewis; Ben Haggerty (""Macklemore"")"
2019,US,[INPLAY] Richardson v. Kharbouch,https://blogs.law.gwu.edu/mcir/case/richardson-v-kharbouch/,N.D. Ill.,*Hood* Pushin’ Weight,Ain’t Worried About Nothin,Eddie Lee Richardson aka Hotwire the Producer,"Karim Kharbouch aka French Montana;
Excuse My French"
2019,US,Hines v. Roc-A-Fella Records Inc. et al.,https://blogs.law.gwu.edu/mcir/case/hines-v-roc-a-fella-records-inc-et-al/,S.D.N.Y.,Help Me Put Out The Flame (In My Heart),Paper Chase; Toe 2 Toe,Ernie Hines,Jay-Z; Timbaland
2019,US,"Jefferson v. Raisen, et al.",https://blogs.law.gwu.edu/mcir/case/jefferson-v-raisen-et-al-inplay/,C.D. Cal.,Truth Hurts,Healthy (Demo),"Melissa Jefferson (""Lizzo"")",Justin Raisen; Jeremiah Raisen
2019,IN,Saregama India v. Balaji,https://blogs.law.gwu.edu/mcir/case/saregama-india-limited-v-balaji-motion-pictures-limited-ors/,Delhi H.C.,Var Dhagala Lagli Kal,Dhagala Lagali Kala,Dada Kondke,"Meet Bros, et al."
2020,US,Estate of James Oscar Smith v. Cash Money Records,https://blogs.law.gwu.edu/mcir/case/estate-of-james-oscar-smith-v-cash-money-records-et-al/,2d Cir.,Jimmy Smith Rap,Pound Cake,Jimmy Smith,"Aubrey Drake Graham aka ""Drake"""
2020,US,"Yeasayer v. Tesfaye (""The Weeknd"")",https://blogs.law.gwu.edu/mcir/case/yeasayer-v-tesfaye-the-weeknd-inplay/,S.D.N.Y.,Sunrise,Pray for Me,"Yeasayer, LLC",Abel Makkonen Tesfaye (“The Weeknd”); Kendrick Lamar Duckworth
2020,US,Michael Skidmore v. Led Zeppelin,https://blogs.law.gwu.edu/mcir/case/inplay-michael-skidmore-v-led-zeppelin/,9th Cir.,Taurus,Stairway to Heaven,Randy Wolfe,Jimmy Page
2020,US,"Marcus Gray, et al. v. Katy Perry",https://blogs.law.gwu.edu/mcir/case/marcus-gray-et-al-v-katy-perry-et-al/,C.D. Cal.,Joyful Noise,Dark Horse,"Marcus Gray, et al.","Katy Perry, et al."
2020,US,[INPLAY] Armes v. Post,https://blogs.law.gwu.edu/mcir/case/armes-v-post-inplay/,C.D. Cal.,Circles,,Tyler Armes,"Austin Post (aka ""Post Malone"")"
2020,US,[INPLAY] Gordon v. Chambers,https://blogs.law.gwu.edu/mcir/case/gordon-v-chambers-inplay/,E.D.N.Y.,Yung Gordon Intro,Stoopid,"Seth Gordon (""Yung Gordon"")","Brytavious Chambers (“Tay Keith”);
Daniel Hernandez (“Takashi 6ix9ine”)"
2020,US,"[INPLAY] Griffin v. Sheeran, et al.",https://blogs.law.gwu.edu/mcir/case/inplay-griffin-v-sheeran-et-al/,S.D.N.Y.,Let's Get It On,Thinking Out Loud,Marvin Gaye,"Amy Wadge, Ed Sheeran"
2020,US,"[INPLAY] Jackson v. Apple, Inc.",https://blogs.law.gwu.edu/mcir/case/jackson-v-apple-inc/,N.D. Cal.,Side Show,,Darell Jackson,"Apple, Inc., et al."
2020,US,[INPLAY] Basil v. AMC,https://blogs.law.gwu.edu/mcir/case/basil-v-amc-inplay/,C.D. Cal.,Mickey,,Toni Basil,
2020,US,"[INPLAY] Stines v. Knowles, et. al.",https://blogs.law.gwu.edu/mcir/case/stines-v-knowles-et-al/,C.D. Cal.,,Black Effect,,The Carters
2020,US,"Jackson (""50 Cent"") v. Roberts",https://blogs.law.gwu.edu/mcir/case/jackson-50-cent-v-roberts/,2d Cir.,In Da Club,Renzel Remixes,"Curtis James Jackson (""50 Cent"")","William Leonard Roberts II (""Rick Ross"")"
2020,US,[INPLAY] Hayes v. Lamar,https://blogs.law.gwu.edu/mcir/case/hayes-v-lamar/,C.D. Cal.,,Loyalty,Terrance Hayes,Kendrick Lamar
2020,US,Stone v. Grande,https://blogs.law.gwu.edu/mcir/case/stone-v-grande/,S.D.N.Y.,"You Need It, I Got It",7 Rings,Josh Stone,Ariana Grande
2020,UK,Sheeran v. Chokri,https://blogs.law.gwu.edu/mcir/case/sheeran-et-al-v-chokri-et-al/,EWHC [High Court of Justice],Oh Why,Shape of You,Sam Chokri,Ed Sheeran
2020,US,Structured Asset Sales v. Sheeran,https://blogs.law.gwu.edu/mcir/case/inplay-griffin-v-sheeran-et-al/,S.D.N.Y.,Let's Get It On,Thinking Out Loud,Marvin Gaye,Ed Sheeran
2020,US,"Norwood v. Quality Control Music, LLC",https://blogs.law.gwu.edu/mcir/case/norwood-v-quality-control-music-llc/,N.D. Ga.,Martian,How Did I Get Here ft. J. Cole,Barbara Norwood,Offset
2021,US,"Nwosuocha v. Glover, et al.",https://blogs.law.gwu.edu/mcir/case/nwosuocha-v-glover-et-al/,S.D.N.Y.,Made in America,This Is America,Emelike Nwosuocha,Donald Glover
2021,US,"[INPLAY] Cooper, et al. v. Brown, et al.",https://blogs.law.gwu.edu/mcir/case/cooper-et-al-v-brown-et-al-inplay/,S.D. Fla.,I Love Your Dress,No Guidance,Mr. Cooper,Chris Brown & Drake
2021,US,"[INPLAY] Cates v. Shlemovitz, et al.",https://blogs.law.gwu.edu/mcir/case/cates-v-shlemovitz-et-al-inplay/,N.D.N.Y.,She Loves Her Job,FeBreze Tagline,Cameron Cates,"Shlemovitz, et al."
2021,US,Robinson v. Wilburn,https://blogs.law.gwu.edu/mcir/case/robinson-v-wilburn/,N.D. Ill.,When U Think About It,When I Think About It,Gutta,Future
2021,US,Johannsongs-Publishing Ltd. v. Lovland,https://blogs.law.gwu.edu/mcir/case/johannsongs-publishing-ltd-v-lovland/,9th Cir.,Söknuður,You Raised Me Up,Jóhann Helgason,Rolf Løvland
2021,US,[InPlay] Cleveland Constantine Browne et al. v. Rodney Sebastian Clark Donalds et al.,https://blogs.law.gwu.edu/mcir/case/cleveland-constantine-browne-et-al-v-rodney-sebastian-clark-donalds-et-al/,C.D. Cal.,Fish Market,Despacito,Cleveland Browne & Wycliffe Johnson,Luis Fonsi
2021,US,"AOM Music, Inc v. Benito Antonio Martínez Ocasio (p/k/a Bad Bunny)",https://blogs.law.gwu.edu/mcir/case/aom-music-inc-v-benito-antonio-martinez-ocasio-p-k-a-bad-bunny-jd-draft/,C.D. Cal.,Playero Works,Safaera,"AOM Music, Inc.",Benito Antonio Martínez Ocasio p/k/a Bad Bunny
2022,US,[INPLAY] Ultra v. West,https://blogs.law.gwu.edu/mcir/case/ultra-v-west-inplay/,S.D.N.Y.,Move Your Body,Flowers,Marshall Jefferson,Kanye West
2022,US,Frisby v. Sony,https://blogs.law.gwu.edu/mcir/case/frisby-v-sony/,9th Cir.,Shawty So Cold,Deja Vu; Exchange,G-Money,J. Cole; Bryson Tiller
2022,US,"Cope v. Dua Lipa, et al",https://blogs.law.gwu.edu/mcir/case/cope-v-dua-lipa-et-al-inplay/,E.D. La.,Live Your Life,Levitating,Artikel Sound,Dua Lipa
2022,US,[InPlay} Quinn et al v. Powell et al.,https://blogs.law.gwu.edu/mcir/case/quinn-et-al-v-powell-et-al/,N.D. Ga.,Back N Forth,Living My Best Life,"Darwin Quinn, Mitchelle'l Sium,","Roland Powell p/k/a Lil' Duvall, Rich Broke Entertainment, LLC"
2022,US,[InPlay] Larball Publ'g Co. v. Lipa,https://blogs.law.gwu.edu/mcir/case/larball-publg-co-v-lipa/,S.D.N.Y.,Wiggle and Giggle All Night,Levitating,"Russell Brown, Sandy Linzer",Dua Lipa
2022,US,[InPlay] Phase One Network v. Kanye West,https://blogs.law.gwu.edu/mcir/case/phase-one-network-v-kanye-west-inplay/,S.D.N.Y,South Bronx,Life of the Party,"Lawrence Parker, Scott Sterling",Kanye West
2022,US,Moten v. Def Jam,https://blogs.law.gwu.edu/mcir/case/moten-v-def-jam/,N.D. Tex.,Unspecified Sermon,Come to Life,Bishop David Paul Moten,Kanye West
2022,US,Patrick v. Poree,https://blogs.law.gwu.edu/mcir/case/patrick-v-poree/,N.D. Ga.,I Do What I Want,,Yolanda Patrick,April Louise Poree
2022,US,Grigson v. Lopez,https://blogs.law.gwu.edu/mcir/case/grigson-v-lopez-et-al-inplay/,C.D. Cal.,That Girl,Some Things Never Change,Daniel Grigson,Kristen Anderson Lopez
2022,US,Sound & Color v. Sam Smith,https://blogs.law.gwu.edu/mcir/case/sound-color-v-sam-smith/,C.D. Cal.,Dancing with Strangers,Dancing with a Stranger,"Jordan Vincent, Christopher Miranda","Sam Smith, Normani"
2022,US,[InPlay] Third Side Music v. Evenflo Co.,https://blogs.law.gwu.edu/mcir/case/third-side-music-v-evenflo-co/,S.D. Ohio,Best Friend,Ad Background Music,Sofi Tukker,Evenflo
2023,US,Astley v. Hauri,https://blogs.law.gwu.edu/mcir/case/astley-v-hauri/,"Cal.Super.Ct., Los Angeles County",Never Gonna Give You Up,Betty (Get Money),Rick Astley,Yung Gravy
2023,US,Stone v. Carey,https://blogs.law.gwu.edu/mcir/case/stone-v-carey/,C.D. CA,All I Want for Christmas is You,All I Want for Christmas is You,"Andy Stone, AKA Vinnie Vance",Mariah Carey
2023,US,[InPlay] Formal Entertainment v. Zayn Malik,https://blogs.law.gwu.edu/mcir/case/formal-entertainment-v-zayn-malik/,C.D. CA,Somebody Tonight,Better,"Patrick Simmons p/k/a ""Havyn""","Zayn Malik p/k/a ""Zayn"""
2023,US,"[InPlay] Darko v. Grahm, et al.",https://blogs.law.gwu.edu/mcir/case/darko-v-graham-et-al-inplay/ ,S.D.N.Y.,Oye Ohene,Calling My Name,Obrafour,Drake
2023,US,"[InPlay] Concord Music Group, et al. v. Anthropic PBC",https://blogs.law.gwu.edu/mcir/case/concord-music-group-et-al-v-anthropic-pbc/,M.D. Tenn.,NA,NA,"Concord Music, Universal Music Group and ABKCO Music",Anthropic PBC
2024,US,Chamberlain v. Dolo Entertainment,https://blogs.law.gwu.edu/mcir/case/chamberlain-v-dolo-entertainment/,E.D.N.Y.,In That Mood,In Ha Mood,Duvall Chamberlain,Isis Naija Gaston a/k/a Ice Spice
2024,US,"Peabody & Company LLC v. Wayne, et al.",https://blogs.law.gwu.edu/mcir/case/peabody-company-llc-v-wayne-et-al/,S.D.N.Y.,Come On Down,The Box,Greg Perry,Roddy Ricch
2024,US,"Johnston v. Kroeger, et al.",https://blogs.law.gwu.edu/mcir/case/johnston-v-kroeger-et-al/ ,5th Cir.,Rockstar,Rockstar,Snowblind,Nickelback
