song_id,artist,title
0,Michael Balfe,The Bohemian Girl
1,Francis Brown,Alethia Waltz
2,Fannie Beane,My Own Sweet Darling
3,W.D. Hendrickson,Call Me Back Again
4,Harry Kennedy,"Cradle's Empty, Baby's Gone"
5,John McTammany,"Cradle's Empty, Baby's Gone"
6,Bert A. Williams,Dora Dean
7,Charles Sidney O'Brien,Ma Angeline
8,Adam Geibel,Kentucky Babe
9,Adam Geibel,Little Cotton Dolly
10,Charles Marshall,I Hear You Calling Me
11,Jeff Godfrey,"Tennessee, I Hear You Calling Me"
12,William Cahalin,You Will Never Know How Much I Really Cared
13,Al Piantadosi,I Didn't Raise My Boy to be a Soldier
14,Silvio Hein,Maria Cahill's Arab Love Song
15,Joseph Howard,I Think I Hear a Woodpecker
16,Paul Linke,Wedding Dance Waltz
17,H. Pitman Clarke,Swanee River Moon
18,Felix Bernard & Johnny Black,Dardanella
19,Jerome Kern,Ka-lu-a
20,Paolo Citorello,Luna Mezzo Mare
21,A. A. Galasso,Mamma Mia M'ha Maritan
22,Ira Arnstein,Light My Life With Love
23,Nathaniel Shilkret,Lady Divine
24,W.A. (Bud) Wilkie,Confessing
25,Bernice Petkere,Starlight
26,Ira Arnstein,I Love You Madly
27,Emery Deutsch and Arthur Altman,"Play, Fiddle, Play"
28,Hortense Hirsch,Lady of Love
29,Harry Revel,Without a Word of Warning
30,Ira Arnstein,Whisper to Me
31,Joe Burke,My Wishing Song
32,Jack Darrell,Does Anybody Want a Little Kewpie
33,"Sherman, Meskill, and Silver",On the Beach at Bali-Bali
34,Joseph Davila,If I Were a Spider and You Were My Fly
35,Sigmund Romberg,Desert Song
36,Wadsworth Doster,Old Eli
37,Frank Churchill,Some Day My Prince Will Come
38,Joseph McMahon,In Sunny Kansas
39,John Openshaw,Love Sends A Little Gift of Roses
40,Hy Zaret et al.,It All Comes Back to Me Now
41,Ira Arnstein,Kalamazoo
42,Harry Warren,I've Got a Gal in Kalamazoo
43,Allamae Britton Gingg,There'll Never Be Another You
44,Mack Gordon and Harry Warren,There Will Never Be Another You
45,Samuel Brodsky,Prelude in A Major
46,Hans Salter,Bad Lands of Dakota
47,Louis Ricca,Carnival in Cotton Town
48,Roger Edens,Drummer Boy
49,Ira Arnstein,Modern Messiah
50,Cole Porter,Don't Fence Me In
51,Hajdu Imre (Heim),Ma Este Meg Boldog Vagyok
52,Aldo Franchetti,Perhaps
53,Lionel Belasco,L'Annee Passee
54,The Andrews Sisters,Rum and Coca-Cola
55,Mohammed H. Kahn,Victory Calypsoes
56,Leo Feist,Rum and Coca-Cola
57,Meade Lewis,Yancey Special
58,Alphonso Tompkins and Lewis Simpkins,Long Gone
59,Thelma Jones,Just an Old Fashioned Mother and Dad
60,Francis Craig,Near You
61,Guy B. Wood and Sol Marcus,Tonight He Sailed Again
62,Henry B. Glover,"I Love You, Yes I Do"
63,Robert Overman,Wonderful You
64,Frank Loesser,On a Slow Boat to China
65,Donald Irwin Robertson,The Happy Whistler
66,San Francisco Brewing Company,Commercial jingle for Burgermeister Beer
67,Homer Cholvin and Norman Stade,When the Sun Bids the Sky Goodnight
68,Lew Williams (Jan Kaczmarek),While We Dream
69,Fred Spielman,Rendezvous
70,Charles Green,I Dreamed
71,Lionel Walters,Iron Bar
72,Lord Burgess,Jamaica Farewell
73,Mabel Wayne,In a Little Spanish Town
74,Peter de Angelis,Why
75,Irving Berlin,A Pretty Girl is Like a Melody
76,Mad Magazine,Louella Schwartz Describes Her Malady
77,The Heartbeats,A Thousand Miles Away
78,Shep and the Limelites,Daddy's Home
79,Patricia Smith and Don Fenton,Supercalafajalistickespeealadojus
80,Robert Sherman,Supercalifragilisticexpialidocious
81,Frank Nordstrom,Shalom
82,Jerry Herman,Shalom
83,Lorenzo Pack,I'm Afraid
84,The Supremes,Baby Love
85,Wilhelm Kienzl,O schone Jugendtage
86,Gerhard Wendland,Tanze mit mir in den Morgen
87,Ruth Stratchborneo,MOJO Workout
88,Muddy Waters,Got My Mojo Working
89,Armando Sciascia,Sogno Nostalgico
90,Jack Trombey,Girl in the Dark
91,The Chiffons,He's So Fine
92,George Harrison,My Sweet Lord
93,Leon Pober,Tiny Bubbles
94,Ernest Gold,Hiding the Wine
95,Andrews Sisters,Boogie Woogie Bugle Boy
96,Earl Wilson & Billy Cunningham,The Cunnilingus Champion of Co. C
97,Wilma Ferguson,Jeannie Michele
98,John Williams,Theme from 'A Time to Love'
99,Stephen Schwartz,Day by Day
100,Ray Ellis,"Theme for N.B.C.'s ""Today Show"""
101,Harry Warren,The Boulevard of Broken Dreams
102,Doumei Suzuki,One Rainy Night in Tokyo
103,Pantelis Ghinnis,Dirlada
104,Juan Bastos,Loop di Love
105,Philip J. Lipari,Kept on Singing
106,Helen Reddy,Keep on Singing
107,Ivan Gondos,Variations
108,Hagood Hardy,The Homecoming
109,Rudy and Jerry Toth,Moment of Love
110,Ronald Selle,Let It End
111,Bee Gees,How Deep Is Your Love
112,Howard Leslie Pendleton,Just a Blue Box
113,Elizabeth Jane Anderson,Mama's Shoe Box
114,Isaac Hayes,The Theme From Shaft
115,Benton and Bowles,Schlitz Beer TV Ad
116,Willie Dixon,I Need Love
117,Led Zeppelin,Whole Lotta Love
118,Steve Karmen,Budweiser/You've Said It All
119,Gavin Spencer,You Make America Work
120,John Benson,Don't Cha Know
121,The New Seekers,I'd Like to Buy the World a Coke
122,Johnny Mathis,When Sunny Gets Blue
123,Rick Dees,When Sonny Sniffs Glue
124,Leslie Baxter,Joy
125,John Williams,Theme from E.T.
126,Laura Siskind,Take a Chance on Love
127,Olivia Newton-John,Take a Chance
128,Cyril Verge,It's a Brand New World
129,Steven Benderoth,Hockey Night Theme
130,Tom Waits,Martha
131,David Dundas,Advertisement for Kenco Coffee
132,Rogers & Hammerstein,There is Nothin' Like a Dame
133,Denis King,Rapid Coach Service Advertisement
134,Louis Gaste,Pour Toi
135,Morris Kaiserman,Feelings
136,Julio Iglesias,Alle Liebe dieser Erde
137,Nicole,Ein bisschen Frieden
138,Julio Iglesias,Un Canto de Galicia
139,Katy Kassay,AAAwie ein Kind
140,"Earth, Wind & Fire",Fantasy
141,Collette,Ring My Bell (CBS Version)
142,Collette & Guy Cross,Ring My Bell (Trackdown Version)
143,Queen & David Bowie,Under Pressure
144,Vanilla Ice,Ice Ice Baby
145,Reunion,Life Is a Rock (But the Radio Rolled Me)
146,McDonald's Corporation,Menu Song
147,Damon Black,The Jukebox
148,Vern Gosdin,Set 'Em Up Joe
149,RenA Grignon,Chanson Numero 7
150,Martine St-Clair,Tous Les Juke-box
151,Gilbert O'Sullivan,Alone Again (Naturally)
152,Biz Markie,Alone Again
153,Enrique Chia,Es
154,Julio Iglesias,Hey
155,Gerard McDonald,Proposed Theme Music for 'Sally Jesse Raphael Show'
156,Dan Radlauer,Theme Music for 'Sally Jesse Raphael Show'
157,Enigma,Sadeness I
158,Phlegma,Madness I
159,Exuma,There's a Brown Girl in the Ring
160,Boney M.,Brown Girl in the Ring
161,Malcolmas Lock,Brown Girl
162,Lloyd Chiate,Hello It's Me / I Just Called to Say
163,Stevie Wonder,I Just Called to Say I Love You
164,Derrick D. Moore,She Can't Stand It
165,Bobby Brown,On Our Own
166,Stavros Logarides,City of Violets
167,Vangelis,"Theme from ""Chariots of Fire"""
168,Boyd Jarvis,The Music's Got Me
169,C+C Music Factory,Get Dumb! (Free Your Body)
170,Les Inconnus,Auteuil Neuilly Passy
171,Maceo And All The King's Men,Southwick
172,James Drynan,Filion Family Welcome
173,Wayne Rostad,Here We Are On the Road Again
174,John Fogerty,Run Through the Jungle
175,John Fogerty,The Old Man Down the Road
176,Fat Boys,Stick 'em
177,Miller Brewing Co.,Miller Lite TV Ad
178,John Lee Hooker,Boogie Chillen
179,ZZ Top,La Grange
180,Eddie Palmieri,Paginas De Mujer
181,Gloria Estefan,Oye Mi Canto
182,The Legend (Rene Santrayll & Michael Walker),Uh Oh
183,MC Hammer,Here Comes the Hammer
184,Robert Smith and Reynard Jones,Don't Let the Sunshine
185,Michael Jackson,The Girl is Mine
186,Robert Smith and Reynard Jones,Happy Go Lucky Girl
187,James Damiano,Steel Guitars
188,Bob Dylan,Dignity
189,Maree McRae,"Every Minute, Every Hour, Every Day"
190,Collin Raye,Every Second
191,Ray Repp,Till You
192,Andrew Lloyd Webber,Phantom Song
193,The Honey Drippers,Impeach the President
194,Run DMC,Back from Hell
195,Better Than Ezra,Coyote
196,Better Than Ezra,unknown
197,Everett Ellis,Lay Me Out By the Jukebox When I Die
198,Joe Diffie,Prop Me Up Beside the Jukebox (If I Die)
199,ZZ Top,Promotional video for Plymouth Prowler
200,Snap!,Green Grass Grows
201,Cygnus X,Superstring
202,George Michael,Planetary Citizen
203,Massive Attack,Unfinished Sympathy
204,Michael Tisi,Sell Your Soul
205,Filter,Take A Picture
206,Matthew Cooper,The Lower we Fly
207,Christophe Mueller,Pond's Nutrivits ad music
208,Astrud Gilberto,Girl from Ipanema
209,Frito-Lay,Frito-Lay TV ad
210,Albano Carrisi,I cigni di Balaka
211,Michael Jackson,Will You Be There
212,Marley Marl,The Symphony
213,Snoop Dogg,Ghetto Symphony
214,Paula Toliver,Independent Lady
215,Destiny's Child,Independent Women
216,Marianne Cray,Where Are You Now
217,Imaani,Where Are You
218,The Meters,Hand Clapping Song
219,Whitney Houston,My Love is Your Love
220,Stephan Malmstedt,Jenny and I
221,Per Gessle,Sleeping in My Car
222,WEH,Heartbeat
223,Sophie Ellis-Bextor,Get Over You
224,Michael Cottrill and Lawrence Wnukowski,What You See is What You Get
225,Britney Spears,What U See is What U Get
226,James W. Newton,Choir
227,Beastie Boys,Pass the Mic
228,Kid Ory,Muskrat Ramble
229,Country Joe McDonald,I Feel Like I'm Fixin' to Die Rag
230,John L. Jorgensen,Long Lost Lover
231,Celine Dion,My Heart Will Go On
232,Lonestar,Amazed
233,"Mehmet Ergin, Christoph Lienemann",Jingle of German bank: aWennas ums Geld geht-Sparkassea
234,Nik Kershaw,Wouldn't It Be Good
235,Asei Kobayashi,Let's Go Anywhere
236,Katsuhisa Hattori,Memorial Tree
237,Apollo Inc.,When the Sun Rises
238,Coca-Cola,Sunrise
239,Xscape,One of Those Love Songs
240,Mariah Carey,Thank God I Found You
241,Solomon Linda,Mbube
242,Pete Seeger and others,The Lion Sleeps Tonight
243,Demme Ulloa,Countermelody to 'Izzo'
244,Jay-Z,Izzo (H.O.V.A.)
245,It's Only Family,Straight Like That
246,Ludacris,Stand Up
247,Funkadelic,Get Off Your Ass and Jam
248,N.W.A,100 Miles and Runnin'
249,Elizabeth Coffey,Forever After
250,Madonna,Nothing Really Matters
251,Tia Griffin,Heart of Gold
252,Luther Vandross and Richard Marx,Dance With My Father
253,Calvin R. Johnson,You're the One (For Me)
254,SWV,You're the One
255,Jubilee,Back That Ass Up
256,Juvenile,Back That Azz Up
257,Ralph Vargas and Bland-Ricky Roberts,Bust Dat Groove Without Ride
258,Advertisement for Celebrex,Unnamed composition in the ad
259,Yong Wang,Send My Comrade to Beijing
260,Zhengben Zhu,Farewell to the Red Army
261,Sergio Endrigo,Nelle mie notti
262,Luis Bacalov,Il Postino
263,Trajik,Holla Back
264,Fabolous,Young 'N
265,Jennifer Armour,Got a Little Bit of Love for You
266,BeyoncA,Baby Boy
267,Ohio Players,Singing in the Morning
268,Notorious B.I.G.,Ready to Die
269,Luther Campbell,It's Your Birthday
270,50 Cent,In Da Club
271,Lo,Lianshang Love Song
272,Hu,Bye Bye My Lover!
273,Brian Transeau,Aparthenonia
274,Victor Velez,Hasta Hoy
275,Victor Manuelle,Tengo Ganas
276,Chris Lester,Nowhere Fast
277,U2,Vertigo
278,Xu Ruhui,The Mother as Slave (Arrangement)
279,Yang Feifei,The Mother as Slave (Recording)
280,Corey Glover,Make Up Your Mind
281,TLC,Unpretty
282,Jud's Gallery,Nordrach
283,Gary Moore,Still Got the Blues
284,Ram Sampath,The Thump
285,Vishal Dadlani,Krazzy 4 (Remix)
286,Vishal Dadlani,Breakfree (Remix)
287,Dustin Evans,Good Ol' Days to Come
288,Phil Vassar,Good Ole Days
289,Samuel Steele,Man I Really Love This Team
290,Jon Bon Jovi,I Love This Town
291,George Clinton,Atomic Dog
292,Public Announcement,D.O.G. In Me
293,Benevolence,Party Ainat Crunk
294,Mary J. Blige,Family Affair
295,Joe Satriani,If I Could Fly
296,Coldplay,Viva la Vida
297,David & Peter Currin,I'm Frontin'
298,Pharrell Williams,Frontin'
299,Marion Sinclair,Kookaburra Sits in the Old Gum Tree
300,Men At Work,Down Under
301,Preston Marshall,You are the One
302,Mariah Carey,My Love
303,Robert R. Prunte,Fire in the Hole
304,Black Rob,Fire in Da Hole
305,Robert R. Prunte,I'm a Maniac
306,Ludacris,Break Bread
307,Martel Ellis,Danger
308,Wyclef Jean,Welcome to the East
309,Phoenix Phenom,Boom Dynamite
310,Black Eyed Peas,Boom Boom Pow
311,Ernest Straughter,The Reasons Why
312,Usher,Burn
313,"Ryan Lessem, Douglas Johnson",Elevator
314,"The Game, Dr. Dre, 50 Cent",How We Do
315,Anonymous,Baghon Mein Behar Hai
316,The Game,Put You on the Game
317,Eminem,Lose Yourself
318,Audi,Advertisement for Audi A6 Avant
319,Stephan Obinger,Unnamed Advertising Melody
320,McDonald's Corporation,McDonald's Jingle
321,Anthony Stokes,Where are You Now?
322,John Legend,Maxine's Interlude
323,Meiru Huang,Sleeping Beauty
324,Xinru Wang,What Is Wrong with Love
325,The Persuaders,Thin Line Between Love and Hate
326,EMI Record Group,Washed Away
327,The Black Keys,Lonely Boy
328,Unknown,Advertisement for Home Depot
329,The Black Keys,Gold on the Ceiling
330,Unknown,Advertisement for Pizza Hut
331,Lars Erickson,Pi Symphony
332,Michael John Blake,What Pi Sounds Like
333,Barobax,Soosan Khanoom
334,Pritam Chakraborty,Pyaar Ki Pungi
335,Guy Hobbs,Natasha
336,Elton John,Nikita
337,Will Loomis,Bright Red Chords
338,Jessie J,Domino
339,Syl Johnson,Different Strokes
340,Usher,Call Me a Mack
341,Bloodstone,I'm Doing My Job
342,Kanye West,Doin My Job
343,Rebecca Francescatti,Juda
344,Lady Gaga,Judas
345,Brian Pringle,Take a Dive (Dance Version)
346,Black Eyed Peas,I Gotta Feeling
347,The Backyard Heavies,Bumpin' Bus Stop
348,Kanye West,Gold Digger
349,Eddie Bo & The Soul Finders,"Hook & Sling, Pt. I"
350,"Jay-Z, Rihanna, and Kanye West",Run This Town
351,Paul Batiste,I Like Your Way
352,T-Pain,Put It Down
353,Paul Batiste,Blues Man
354,T-Pain,Reggae Nigh
355,"Klaus WA14sthoff, Hans GA14nter Wagener",Fanfaren-Blues
356,ZDF,Today Jingle
357,Ahmad Javon Lane,X.O.X.O.
358,BeyoncA,XO
359,Lenny Lee Goldsmith,Zimba ku
360,Jessie J,Price Tag
361,Trouble Funk,Say What
362,Beastie Boys,Shadrach
363,Trouble Funk,Drop the Bomb
364,Beastie Boys,Car Thief
365,Beastie Boys,Hold It
366,Bo Carter,Corrine Corrina
367,Rod Stewart,Corrina Corrina
368,Tom Petty,I Won't Back Down
369,Sam Smith,Stay With Me
370,Richard Friedman,To Our Fallen
371,Hans Zimmer,Music score for a12 Years a Slavea
372,Dark Sanctuary,Les Memoires BlessAes
373,Bushido,Janine
374,Jefferson/Jean-FranAois Johnson,Forever
375,Jean-Jacques Goldman,Aicha
376,Jose Guzman,Triste Adventura / Cartas de Amor
377,Hacienda Records,Cartas de Amor
378,Enrico Riccardi and Luigi Albertelli,Zingara
379,Francesco De Gregori,"Prendi questa mano, zingara"
380,Baligh Hamdi,"Khosara, Khosara"
381,Jay Z,Big Pimpin'
382,Salsoul,Love Break
383,Madonna,Vogue
384,Alisa Apps,Need to Know
385,John Newman,Love Me Again
386,Timothy Arnett,Remember Me
387,Alan Jackson,Remember When
388,Joseph Bereal,Came to Do
389,Omarion,Post to Be
390,"Eric Smith, et al.",No Rain
391,Amanda Jiroux,Insane
392,Gabor Presser & Anna Adamis,Gyongyhaju Lany
393,Kanye West,New Slaves
394,Bill Withers,Don't You Want to Stay
395,Kendrick Lamar,I Do This
396,Club Nouveau,Why You Treat Me So Bad
397,Fifth Harmony,Worth It
398,X Ambassadors & Jamie N Commons,Jungle
399,Porsche advertisement,Cayman 718 Advertisement
400,Collage,Young Girls
401,Bruno Mars,Uptown Funk
402,Eric Clapton,"Alberta, Alberta"
403,Sleigh Bells,Infinity Guitars
404,Demi Lovato,Stars
405,Alex Greggs,Takes All Night
406,Ariana Grande,One Last Time
407,Martin Harrington & Thomas Leonard,Amazing
408,Ed Sheeran,Photograph
409,Casey Dienel,Ring the Bell
410,Justin Bieber,Sorry
411,Cirque du Soleil,Steel Dream
412,Justin Timberlake,Don't Hold the Wall
413,Perry Kibble,A New Day is Here at Last
414,Justin Timberlake,Damn Girl
415,Laurent Feriol,Les Chansons daartiste
416,Calogero,Si seulement je pouvais lui manquait
417,Willie Dean Parker & Homer Banks,Ain't That a Lot of Loving
418,Steve Winwood,Gimme Some Lovin'
419,Rick Ross,Hustlin
420,LMFAO,Party Rock Anthem
421,Leroy Mitchell,Star in the Ghetto
422,Dr. Dre,If It Ain't Ruff
423,Abdul Muhammad,Bridge Through Time
424,Chance the Rapper,Windows
425,Roger Troutman,More Bounce to the Ounce
426,Mark Ronson,Uptown Funk
427,"Jon Dunmore, Mike Molina",[Iad do] Anything for You
428,Meatloaf,Iad do Anything for Love
429,3LW,Playas Gon' Play
430,Taylor Swift,Shake It Off
431,Messy Mya,Booking the Hoes from New Wildings
432,BeyoncA,Formation
433,Messy Mya,A 27 Piece Huh?
434,Kishore Kumar & Asha Bhosle,Kehdoon Tumhe
435,Jubin Nautiyal & Neeti Mohan,Socha Hai (Kehdoon Tumhe Remix)
436,The Sequence,Funk You Up
437,Bruno Mars & Mark Ronson,Uptown Funk
438,Paul Rose,Nae Slappin'
439,U2,The Fly
440,Abiodun Oyewole,When the Revolution Comes
441,Rita Ora,How We Do (Party)
442,Christopher Wallace,Party and Bullshit
443,Marshall Mathers & Trevor Smith,Calm Down
444,"John Wilson, Charles Still, Terrance Stubbs",Sho' Nuff
445,Justin Timberlake,Suit & Tie
446,Luis Cortes-Ramos,World Cup Song Contest Entry
447,Ricky Martin,Vida
448,Marvin Gaye,Got to Give It Up
449,Robin Thicke & Pharrell Williams,Blurred Lines
450,Herman Weems,Why Can't There Be Love
451,"Tyler, the Creator",Deathcamp
452,Michael May,We Run Things
453,Miley Cyrus,We Can't Stop
454,Drayter,Best I Had
455,Unknown,Ads Aired on ESPN
456,Jasmine Rae,When I Found You
457,Ed Sheeran,The Rest of Our Life
458,Neomi Del Rio,Flight Safety Video
459,Virgin America,Flight Safety Video
460,Jamie Ciero,Volar
461,Idina Menzel,Let It Go
462,Tracy Chapman,Baby Can I Hold You
463,Nicki Minaj ft. Nas,Sorry
464,"Dan Tramon, Diana Belkowski, and Carl Anthony Tramon",Rocket Boys Musical
465,"Marriott International, Inc, and Universal Pictures",October Sky Musical
466,Benny Mardones,Into the Night
467,Cyndi Lauper,Raise You Up
468,Richard Morrill,Who's Got My Lightah
469,Gwen Stefani & Pharrell Williams,Spark the Fire
470,Stahlgewitter,Auftrag Deutsches Reich
471,Frei.Wild,"Schenkt uns Dummheit, kein Niveau"
472,Harumaki Gohan,Hachigatsu no Rainy
473,Yamato Mori,M.A.K.E.
474,New Zealand National Party,Eminem Esque
475,The Rolling Stones,The Last Time
476,The Verve,Bittersweet Symphony
477,Alice T. Johnson,Video Recording of child praying
478,Kanye West,Ultralight Beam
479,"William Smith, Brian Clover, Scott McCulloch",I Need to Love
480,The Weeknd,A Lonely Night
481,Song-A-Tron Music,Back it Up
482,TeeFLii,24 Hours
483,Kraftwerk,Metall auf Metall
484,Sabrina Setlur,Nur mir
485,Sam Scully,Roll Call (Instrumental)
486,Drake,In My Feelings
487,Drake,Nice for What
488,Don Lee,gwenXdonlee4-142
489,Lil Nas X,Rodeo
490,Mark Halper,Don't Throw Our Love Away
491,Jesse Graham,Haters gone Hate
492,Yellowcard,Holly Wood Died
493,Juice WRLD,Lucid Dreams
494,"Leander C. Pickett (""M.O.S."")",Walk It Like I Talk It
495,Migos,Walk It Talk IT
496,Chanel West Coast,Sharon Stoned
497,Sharon Stone,not applicable
498,Paul Batiste,Hip Jazz
499,Macklemore & Ryan Lewis,Thrift Shop
500,Paul Batiste,World of Blues
501,Paul Batiste,Salsa 4 Elise (Fur Elise)
502,Macklemore & Ryan Lewis,Neon Cathedral
503,Hotwire the Producer,Pushina Weight
504,French Montana,Ainat Worried About Nothin
505,Ernie Hines,Help Me Put Out The Flame (In My Heart)
506,Jay-Z,Paper Chase
507,Timbaland,Toe 2 Toe
508,Lizzo,Truth Hurts
509,"Justin Raisen, Jeremiah Raisen",Healthy (Demo)
510,Dada Kondke,Var Dhagala Lagli Kal
511,Meet Bros,Dhagala Lagali Kala
512,Jimmy Smith,Jimmy Smith Rap
513,Drake,Pound Cake
514,Yeasayer,Sunrise
515,The Weeknd & Kendrick Lamar,Pray for Me
516,Spirit,Taurus
517,Led Zeppelin,Stairway to Heaven
518,Marcus Gray,Joyful Noise
519,Katy Perry,Dark Horse
520,Tyler Armes,Circles
521,Post Malone,Circles
522,Yung Gordon,Yung Gordon Intro
523,Tay Keith & Takashi 6ix9ine,Stoopid
524,Marvin Gaye,Let's Get It On
525,Ed Sheeran,Thinking Out Loud
526,Toni Basil,Mickey
527,AMC,Preacher Season 2 Trailer
528,Rick Ross,Renzel Remixes
529,Josh Stone,"You Need It, I Got It"
530,Ariana Grande,7 Rings
531,Sam Chokri,Oh Why
532,Ed Sheeran,Shape of You
533,Barbara Norwood,Martian
534,Offset,How Did I Get Here ft. J. Cole
535,Emelike Nwosuocha,Made in America
536,Childish Gambino,This Is America
537,Mr. Cooper,I Love Your Dress
538,Chris Brown & Drake,No Guidance
539,Cameron Cates,She Loves Her Job
540,Febreze Tagline,La La La La La
541,JA3hann Helgason,SAknuAur
542,Rolf LA vland,You Raised Me Up
543,Cleveland Browne & Wycliffe Johnson,Fish Market
544,Luis Fonsi,Despacito
545,DJ Playero,Playero Works
546,Bad Bunny,Safaera
547,Marshall Jefferson,Move Your Body
548,Kanye West,Flowers
549,G-Money,Shawty So Cold
550,J. Cole,Deja Vu
551,Artikel Sound,Live Your Life
552,Dua Lipa,Levitating
553,Darwin Quinn & Mitchelle'l Sium,Back N Forth
554,Lil' Duvall,Living My Best Life
555,Russell Brown and Sandy Linzer,Wiggle and Giggle All Night
556,"Boogie Down Productions (Lawrence Parker, Scott Sterling)",South Bronx
557,Kanye West,Life of the Party
558,Bishop David Paul Moten,Unspecified Sermon
559,Kanye West,Come to Life
560,Yolanda Patrick,I Do What I Want
561,Bozz Lay'Dee,I Do What I Want
562,Daniel Grigson,That Girl
563,Kristen Anderson Lopez,Some Things Never Change
564,Jordan Vincent,Dancing with Strangers
565,Sam Smith and Normani,Dancing with a Stranger
566,Sofi Tukker,Best Friend
567,Evenflo,Ad Background Music
568,Rick Astley,Never Gonna Give You Up
569,Yung Gravy,Betty (Get Money)
570,Havyn,Somebody Tonight
571,Zayn,Better
572,Obrafour,Oye Ohene
573,Drake,Calling My Name
574,Duvall Chamberlain,In That Mood
575,Ice Spice,In Ha Mood
576,Greg Perry,Come On Down
577,Roddy Ricch,The Box
