musicbrainz_id,case_artist,case_title,case_role,case_status,mb_artist,mb_title,case_id
d38e9f6a-1720-4584-ae0c-d03adfe03c8a,W.J. Wetmore,The Cot Beneath the Hill,complainer,,Azure Blue,Beneath the Hill,0
467a2a56-8514-4d58-9f1e-7cbcb173d241,Henry Russell,The Old Arm Chair,complainer,,Hylo Brown,The Old Arm Chair,1
36d30e3d-88d7-4488-a870-08a2f5efaa2f,"Michael Balfe, arranged by Francis Brown","""Alethia Waltz"", based on a theme from Michael Balfe's ""The Bohemia Girl""",complainer,,Lorne Balfe,Main Theme (Lorne Balfe),2
99ebbdba-5ae6-4bd6-9d1d-f829d90d196f,Anonymous,Serious Family Polka,complainer,,Polka Family,Clarinet Polka,3
5555e368-6699-4b29-ae8c-efebbe1dcd93,Fannie Beane,My Own Sweet Darling,complainer,,Seth Kallen & Melody Gardot,My Sweet Darling,4
ce269c45-ea73-4004-a8c9-9d3d893d56bc,Harry Kennedy,Cradle’s Empty Baby’s Gone,complainer,,Harry Gregson‐Williams,Gone Baby Gone,5
174a8b21-c778-4432-b060-2f847dae2e7b,Bert A. Williams,Dora Dean,complainer,,Skillet Licorice,Dora Dean,6
ec50de96-6c83-4364-9542-9f94335b2f6f,"Alice M. Davis (""Hope Temple"") and Frederick Wetherley","""My Lady's Bower""",complainer,,Compos Mentis,Lady's Bower,7
785acfc8-7b45-459e-84e6-ee77a069a742,Adam Geibel,Kentucky Babe,complainer,,Adam Geibel,Called to Serve,8
78e586c5-cef0-4181-be24-d062fd28118c,W.M.Cooper,Never Turn Back,complainer,,Ralph Stanley & The Clinch Mountain Boys,"Turn Back, Turn Back",9
b3e6cb1f-55f1-4269-9ae0-b9bc80246aa2,Charles Marshall,I Hear You Calling Me,complainer,,Charles Harrison,I Hear You Calling Me,10
a0a18d16-1bc9-4c7b-a51a-852f89050458,William Cahalin,You Will Never Know ...,complainer,,Human Weapon,... You Will Never Know,11
b8f7ab08-5ec8-4a61-a5af-e36bbff5b988,"Alcide Nunez, Ray Lopez",Livery Stable Blues,complainer,,Bunny Berigan and His Orchestra,Livery Stable Blues,12
5d19df2c-6287-4826-9c96-230e4e6dc0b4,John Gay,"Themes from opera ""Polly""",complainer,,John Gay,"The Beggar's Opera: Act I. Air. ""Pretty Polly, say"" (Macheath, Polly)",13
36b7bcde-234e-4774-a212-491a8200dda2,Silvio Hein,Maria Cahill's Arab Love Song,complainer,,Billy Murray,Arab Love Song,14
2efbc9f0-d272-4347-a449-5524f59007b4,Paul Linke,Wedding Dance Waltzes,complainer,,Ross Ainslie,Wedding Waltzes,15
a27257b9-7b31-4f4b-9edc-7a3526cc3107,Felix Bernard & Johnny Black,Dardanella,complainer,,Felix Bernard & Johnny Black,Dardanella,16
36e2150e-2451-40fc-a815-487c595f354a,Paolo Citorello,Luna Mezzo Mare,complainer,,Dean Martin,Luna Mezzo Mare,17
5e226ea5-d555-4a7f-973b-6ffb7c923035,Anonymous,St. James' Infirmary,complainer,,Charles Atkins & The Blues Boys,James Infirmary,18
eab3870e-ebf0-45ea-84bd-2e3db1ac2abb,Ira Arnstein,Light My Life With Love,complainer,,Ira Losco,My Life,19
65d73d9a-a893-465f-a4f4-96da9c76fcc1,Charles Francis Park,What are Your Intentions?,complainer,,Candis Francis,Good Intentions,20
4b53aa84-37d6-44ce-9a35-11f45f8bfa99,W.A. (Bud) Wilkie,Confessing,complainer,,Lester Flatt & Earl Scruggs,Confessing,21
c95e4224-f08b-433f-a6d5-e7e5372ad8bb,Ira Arnstein,I Love You Madly,complainer,,Ira B. Liss Big Band Jazz Machine,Love You Madly,22
b0cc3ad5-a566-4221-9200-75e33571b08e,N. Lindsay Norden (arranger),O Gladsome Light,complainer,,St. Petersburg Chamber Choir,O Gladsome Light,23
2524633f-c0d2-473d-ba06-6800489afb6e,Hortense Hirsch,Lady of Love,complainer,,Hortense Ellis,Groovy Kind of Love,24
1e733cca-a882-46aa-9c85-a52ba0cf6daa,Ira Arnstein,Whisper to Me,complainer,,Ira Kaspi,Soft Whisper,25
2ccf5554-72ce-4127-abff-e47fb5000937,Jack Darrell,Does Anybody Want a Little Kewpie,complainer,,Nudge Squidfish,Does Anybody Want A Little Love?,26
fd0fc1e4-e159-4239-8f59-20d5f61ab28c,Joseph Davila,If I were a Spider...,complainer,,Joseph Isaacs,If I Were the Wind,27
37c76085-88f7-4b26-9b79-8861f0da3b35,Wadsworth Doster,Old Eli,complainer,,Herbie Mann,Eli Eli,28
1da73cc4-c6f6-4aef-8c60-43fba6dd5f96,Silvano D. Ramos,Allà en el Rancho Grande,complainer,,Joan Blasco,Allá en el rancho grande,29
74cfffe3-6eec-446a-8113-6fa00746cb26,Evelyn Carew,Chatterbox,complainer,,Badtown Boys,Chatterbox,30
0a367013-d576-41cd-af51-25446d5e509d,Joseph McMahon,In Sunny Kansas,complainer,,Willi Carlisle,Bright Sunny Kansas,31
1e733cca-a882-46aa-9c85-a52ba0cf6daa,Ira Arnstein,Whisper to Me,complainer,,Ira Kaspi,Soft Whisper,32
5f8d76bf-16f1-4d31-b93e-393fe493aa88,Ira Arnstein,Kalamazoo,complainer,,Glenn Miller,Kalamazoo,33
019ad5e5-5b52-405f-921b-6ab05b450b6a,Allamae Britton Gingg,There'll Never Be Another You,complainer,,Anita O’Day,There'll Never Be Another You,34
b49f1794-cd99-440c-884e-aa8a470d260b,Edward B. Marks,December and May,complainer,,Ian McNabb,May and December,35
300f1a38-72e0-45d8-855a-7a9050545002,Samuel Brodsky,Prelude in A Major,complainer,,Brodsky Quartet,Prelude,36
167065fa-2056-4ce0-a564-1d40de004784,Louis Ricca,Carnival in Cotton Town,complainer,,Bill Black's Combo,Cotton Carnival,37
084604cb-ebd5-4a03-a9a5-c6afa6076ee8,Ira Arnstein,Modern Messiah,complainer,,One Fine Day,Modern Messiah,38
66e18207-a2d0-44fb-a0d8-cb361dcc399b,Hajdu Imre (Heim),Ma Este Meg Boldog Vagyok,complainer,,Hot Jazz Band,Ma este még boldog vagyok,39
c81d195b-cecb-4a2d-85dd-7d0b59f3d594,Lionel Belasco and Massie Patterson,L'Annee Passee,complainer,,Calypso Rhythm Kings,L'Année Passée,40
b0cc40d1-a127-4bdc-8d02-27e6cb0f5ed8,Mohammed H. Kahn,Victory Calypsoes,complainer,,Thomas Kahn,Victory,41
00b156c2-3b64-4f4a-80a9-0150f7e9d2e5,Meade Lewis,Yancey Special,complainer,,Meade Lux Lewis,Yancey Special,42
4e937217-8488-48b9-93c4-6ed2165fe4da,Thelma Jones,Just an Old Fashioned Mother and Dad,complainer,,Jack Jones,I’m Old Fashioned,43
02bc972b-50e8-4c45-bdaf-53c8ea48a038,Guy B. Wood and Sol Marcus,Tonight He Sailed Again,complainer,,Lucky Millinder and His Orchestra,Tonight He Sailed Again,44
4a59d8b1-5bb9-44ef-9e19-8d35124712b3,Robert Overman,Wonderful You,complainer,,Overman,I Don't Need You,45
0039b5cc-6125-4a77-8973-259249b467d6,Walter Schumann,"Theme for TV show ""Dragnet""",complainer,,Walter Schumann,Dragnet,46
75447565-46d4-475c-aeb5-8ee968fc78f7,Issachar Miron & Julius Grossman,"Tzena, Tzena",complainer,,Joe & Eddie,"Tzena, Tzena, Tzena",47
6f37eed1-00b9-4f72-95f3-448b72d27063,Donald Irwin Robertson,The Happy Whistler,complainer,,Don Robertson,Happy Whistler,48
ab00bf2f-248c-49ac-bd92-1109e52bf04c,Leonard Smith,Proposed Advertising Jingle for Muehlebach Beer,complainer,,[unknown],Advertising Jingle,49
9747c28c-97af-40f2-92de-765d6caf55ea,I.B. Sergei (Wihtol),My God and I,complainer,,Reverorum ib Malacht,God Is,50
25ce13e7-d82c-4d41-8865-3d71287c0082,Homer Cholvin and Norman Stade,When the Sun Bids the Sky Goodnight,complainer,,Paul Whiteman & His Orchestra,When the Sun Bids the Moon Goodnight,51
6838a4d3-af28-43c1-8af3-0c030a62be2c,Fred Spielman,Rendezvous,complainer,,Quirin Amper Jr. & Fred Strittmatter,Chasing Situations: Rendezvous,52
44fbca55-5679-4ad3-89b0-68200ef9f645,Lionel Walters,Iron Bar,complainer,,Lord Tanamo,Iron Bar,53
bc7de23a-9164-4c21-83d7-503beeb0e641,Mabel Wayne,In a Little Spanish Town,complainer,,Erroll Garner,In a Little Spanish Town,54
bbd17759-c966-4b8e-91c6-af68003b0a2d,Irving Berlin,A Pretty Girl is Like a Melody,complainer,,Irving Berlin,A Pretty Girl is Like a Melody,55
a92fd081-814e-4039-8e81-e57ae19649df,James Sheppard and William Miller,A Thousand Miles Away,complainer,,Santo & Johnny,A Thousand Miles Away,56
3d46cc7d-d0e2-477f-8762-d62ed23cba81,Patricia Smith and Don Fenton,SUPERCALAFAJALISTICK ESPEEALADOJUS,complainer,,Patricia Smith,[untitled],57
a2911b7b-bee2-409c-8358-11af480b8c0c,Frank Nordstrom,Mizpah or Shalom,complainer,,Open Mind,Mizpah,58
55bd5d1b-fdca-4773-8139-4732de50b1f2,"Lorenzo Pack, Harper Evans",I'm Afraid,complainer,,Faith Evans,Don't Be Afraid,59
2542bfd5-095e-4211-b560-601631969620,GEMA / Franz Josef Breuer,Schwarzbraun ist die Haselnuss,complainer,,Heino,Schwarzbraun ist die Haselnuss,60
5092b34a-6a5f-4c0c-b26c-307661cb47bb,Gus Kahn et al.,"Toot, Toot, Tootsie",complainer,,Al Jolson,"Toot, Toot, Tootsie",61
09c25541-4f29-4745-a467-212d6ed6a1de,Wilhelm Kienzl,O schöne Jugendtage,complainer,,Wilhelm Kienzl (piano),"Der Evangelimann: „Selig sind, die Verfolgung leiden”",62
72ea10c2-67ee-4bb7-8be7-4d1ac30e239c,Ruth Stratchborneo,MOJO Workout,complainer,,Les Sexareenos,Mojo Workout,63
65dd297d-54dd-4aef-a84f-5240049aaea7,Armando Sciascia,Sogno Nostalgico,complainer,,Armando Sciascia,Tiger,64
da95adb3-3099-4218-a57f-821cd625cdb0,Ronald Mack,He's So Fine,complainer,,Lonnie Mack,You're So Fine,65
a778bb8b-5523-4d79-bb1a-f890a5372ed3,Leon Pober,Tiny Bubbles,complainer,,Leon Pober,Tiny Bubbles,66
010e1c93-7101-4037-a966-507d5104f690,Don Raye and Hughie Prince,Boogie Woogie Bugle Boy,complainer,,Hughie Prince & Don Raye,Boogie Woogie Bugle Boy,67
bdcaf4c5-caac-4144-be79-c8eac20bd263,Wilma Ferguson,Jeannie Michele,complainer,,Eddie Cochran,"Jeannie, Jeannie, Jeannie",68
6cc5a932-c033-4435-8585-9cce36738c1d,Stephen Schwartz,Day by Day,complainer,,[unknown],Godspell (Stephen Schwartz) Day by day Robin Lamont & Company,69
1bf9281d-28d9-4233-9099-b4b270d87c48,Anonymous,Holiday Polka,complainer,,Li'l Wally,Polka Holiday,70
3e862f11-9d2d-4142-a96a-4a5544d17b8b,Harry Warren,The Boulevard of Broken Dreams,complainer,,Harry Warren,Boulevard of Broken Dreams,71
9625124d-f30f-4218-bafb-38b77dcd5091,Steve Karman,I Love New York (advertising jingle),complainer,,Steve Lippia,"New York, New York",72
5ba36862-9747-4015-9070-7b3202a3e5e2,Pantelis Ghinnis,Dirlada,complainer,,K. Konitopoulos & Chorus,Dirlada (Dirlada),73
d6dee96d-8d52-4945-932e-7921985fa088,Philip J. Lipari,Kept on Singing,complainer,,J-REXXX,SINGING SINGING,74
930e432f-d26e-4981-968e-2ed1f3e5f8fa,Ivan Gondos,Variations,complainer,,Ivan Ilić,"L'Art de varier ou 57 Variations pour le piano, op. 57: Variations 22-26",75
2fbb8a2f-4b9b-4a05-8fb9-7f7430ae6ea5,Ronald Selle,Let It End,complainer,,Ronald Ruck,End,76
916085d7-ae93-407c-a2ad-924e16d7c390,Howard Leslie Pendleton,Just a Blue Box,complainer,,Pendleton,A Commitment and a Vow,77
0b6dd212-0617-4281-8e8d-f07cefd8850f,Isaac Hayes,The Theme From Shaft,complainer,,Isaac Hayes,Theme From Shaft,78
342f7677-2afe-4840-b1d3-d583e5df824a,David Lawson,Channel 4 Jingle,complainer,,Steve Lawson,Channel Surfing,79
09062bc6-f1c9-4920-b09c-91b7abfa3bfc,William Dixon,I Need Love,complainer,,Willie Dixon,You Need Love,80
2924144e-f443-4a9a-9560-058204529f0c,Steve Karmen,Budweiser Beer Commercial (1970s),complainer,,[no artist],Budweiser Commercial,81
c16574db-8b2e-468f-ae12-7151a0c628cf,John Benson,Don't Cha Know,complainer,,George Benson,Don’t Know Why,82
05007cac-ab74-4df0-9ad9-ca9381f6a449,Marvin Fisher and Jack Segal,When Sunny Gets Blue,complainer,,Jack Webb,When Sunny Gets Blue,83
8d739155-c581-4ae2-9243-8e668a4d0f2a,Leslie Baxter,Joy,complainer,,Les Baxter,"Joy, Joy, Joy",84
14dd9a15-59e2-411c-843f-c9dfe5f3ae55,Laura Siskind,Take a Chance on Love,complainer,,Laura Voutilainen,Take a Chance,85
21fb1452-8a73-47b3-a049-5b6bd4598199,Cyril Verge,It's a Brand New World,complainer,,Cyril Neville,Brand New Blues,86
96088799-558e-4bb4-af94-4a7db5237dce,Tom Waits,Martha,complainer,,Tom Waits,Martha,87
b5ab245b-c948-489b-817c-ab7d0a369b35,Rogers & Hammerstein,"""There is Nothing Like a Dame""",complainer,,Rodgers & Hammerstein,There Is Nothin’ Like a Dame,88
ef79290f-92cc-4daf-8714-e33f9c8e08ad,Louis Gaste,Pour Toi,complainer,,Louis Gasté,Laisse moi,89
e011cb4f-70f7-44ce-8e40-057f795c574f,Julio Iglesias,Alle Liebe dieser Erde; Un canto a galicia,complainer,,Julio Iglesias,Alle Liebe dieser Erde,90
893e5579-abbd-4c15-816f-9e197fee5e4b,Katy Kassay,…wie ein Kind,complainer,,Die Ärzte,Wie ein Kind,91
72b9a518-2480-4258-bd07-2d4ffc3dbf4a,Collette Roberts,Ring My Bell (CBS Version),complainer,,Collette,Ring My Bell,92
69b99307-141f-42ea-a239-59bad1b59e84,Queen & David Bowie,Under Pressure,complainer,,Queen & David Bowie,Under Pressure,93
8ecb24cf-aacf-4494-ae56-864e8286c567,William Dawson (Arr.),Ezekiel Saw De Wheel,complainer,,William Levi Dawson,Ezekiel saw de wheel,94
d6ecf87f-8d0b-4ff9-8bde-4e25d6689493,Paul DiFranco and Norman Dolph,Life is a Rock (But the Radio Rolled Me,complainer,,Reunion,Life Is a Rock (But the Radio Rolled Me),95
6a84799f-1b51-4403-973c-ac4b95eaeb13,Damon Black,The Jukebox,complainer,,Jukio Kallio,Jukebox: Black Metal,96
c7ea03c5-d404-4eda-8e71-3844991fac1a,Rene Grignon,Chanson Numero 7,complainer,,René Bartoli,Chanson,97
507906cb-55da-4d02-bc34-5074c699725c,"Raymond ""Gilbert"" O'Sullivan",Alone Again (Naturally),complainer,,Chris Reed and The Anime Raiders,"Alone Again, Naturally (Gilbert O'Sullivan)",98
8391bf54-c4d4-4c1a-846f-aaa7ece81c99,Enrique Chia,Es,complainer,,Enrique Chía,Es,99
ddb47a59-9ed7-473a-abf2-4e37f76d5da0,Gerard McDonald,"Proposed Theme Music for ""Sally Jesse Raphael Show""",complainer,,Sunnyside,Sally Jesse Raphael,100
3d9dae3c-460a-45c8-82a0-bfe580eade1d,Enigma,Sadeness I,complainer,,Enigma,Sadeness,101
2bacff5d-6f2d-4808-8fa6-dfaf97230032,Tony McKay aka Exuma,There´s a Brown Girl in the Ring,complainer,,Exuma,Brown Girl,102
35b7f807-f527-4376-8607-6b5b12106175,Malcolm’s Lock,Brown Girl,complainer,,Jami Hilton,Dread Lock Girl,103
4577a91a-1701-42c5-84dc-48881cbc870c,Lloyd Chiate,Hello It's Me / I Just Called to Say,complainer,,Lloyd Charmers,I Just Called to Say I Love You,104
ca2af359-f980-4639-ae40-b04445964199,Derrick D. Moore,She Can't Stand It,complainer,,Sam Moore,I Can't Stand It,105
d0ba9105-75bb-4274-9ed6-d8bfdcd7dd1f,Stavros Logarides,City of Violets,complainer,,Stavros,World Church of the Creator,106
f01aafa4-a5da-4188-8656-062b6770cecc,Boyd Jarvis,The Music's Got Me,complainer,,Before the Storm feat. Boyd Jarvis,I’ve Got the Music (club mix),107
e5535508-cb5e-44d1-b528-f7600d44d678,"Duke Ellington, Billy Strayhorn, Johnny Mercer",Satin Doll,complainer,,"Duke Ellington, Johnny Mercer, Billy Strayhorn",Satin Doll,108
18b71114-edb6-4b92-9910-499c0244808c,Michael Sylvestre and Dougals Richwine,Heaven,complainer,,Michael Glabicki,Heaven,109
f3dc64bc-d9eb-4e7a-8096-1f24360a0d52,Les Inconnus,Auteuil Neuilly Passy,complainer,,Les Inconnus,Auteuil Neuilly Passy (Rap BCBG),110
e6bca11e-722b-475c-a870-33052284e08b,James Drynan,Filion Family Welcome,complainer,,Steve Jablonsky,Family Welcome,111
7ab30427-20ee-47c7-ba05-e870f8f0fd2e,Williams Dees and Roy Orbison,"Oh, Pretty Woman",complainer,,Roy Orbison,Oh Pretty Woman (Oh Pretty Woman),112
ec53c9a3-b360-4d63-adc2-1574501b9b13,John Fogerty,Run Through the Jungle,complainer,,John Fogerty,Run Through the Jungle,113
ef851591-4922-47a3-b50d-1c60feff842c,Morales and Robertson [Fat Boys],Stick 'em,complainer,,Fat Boys,Stick 'em,114
a62acef2-e9b5-44f3-bf59-9f38957709d9,Crystal Cartier,Dangerous,complainer,,Crystal Lewis,Dangerous Ground,115
1b5d87a3-7ee8-4637-9f87-f96e9ea3b2b1,John Hooker and Bernard Besman,Boogie Chillen,complainer,,John Lee Hooker,Boogie Chillen,116
392b52f3-3483-4f59-8e66-4a9ac7b0de3d,Harry Woods,"When the Red, Red, Robin Comes Bob, Bob, Bobbin' Along",complainer,,Al Jolson,"When the Red, Red Robin Comes Bob, Bob, Bobbin' Along",117
e041d846-0c15-4bf6-8b2d-25f297533945,Eddie Palmieri,Paginas De Mujer,complainer,,Eddie Palmieri,Páginas de mujer,118
1cc58d4f-92ca-41bf-9765-2a78b9f630f3,Rene Santrayll & Michael Walker,Uh Oh,complainer,,Walker & Royce,Uh Oh,119
389944c2-509f-48a6-b569-4940ceb9ca3b,Robert Smith and Reynard Jones,Don't Let the Sunshine / Happy Go Lucky Girl,complainer,,The Paragons & Sly & Robbie,Happy Go Lucky Girl,120
ee00fe5f-aeed-4bb6-a876-aceaf059ba59,James Damiano,Miscellaneous lyrics and instrumental arrangement,complainer,,Marek Bychawski,Miscellaneous (instrumental intro),121
1f0c4dd4-ff05-4b1e-9914-5840dae356e3,Maree McRae,"Every Minute, Every Hour, Every Day",complainer,,James House,"Every Minute, Every Hour, Every Day",122
e1ad0e25-37b7-4bd6-b58e-cd8cc27904e4,Ray Repp,Till You,complainer,,Corrina Repp,Did You Say You Were Grown?,123
48a0ff4c-0b28-4348-83fc-1926abca129e,Robert Plant et al.,Impeach the President,complainer,,The Honeydrippers,Impeach The President,124
2fa31a1e-5d87-47db-ba36-1ff7f3d16c36,"Kevin Griffin, et al.",Coyote,complainer,,Al Jewer,Coyote,125
ab4733ff-6c9b-4ef4-bead-01c652385ead,Everett Ellis,Lay Me Out By the Jukebox When I Die,complainer,,Everett,Lay Down Your Arms,126
cbc93126-8703-4aba-8d5b-555175918ea5,Christopher Selletti,Hero,complainer,,Christopher Maloney,Hero,127
f472981c-7431-4a0f-9c00-cba8feb68795,Suzane McKinley,I Think About You,complainer,,McKinley Mitchell,I Think You're The Girl,128
200feb65-9271-466e-8c2a-e4502c863f22,"Billy Gibbons, et al.",La Grange,complainer,,"La Mississippi, Billy Gibbons",La Grange,129
90506d39-17d3-4d1a-b526-9ea2b7049902,Snap!,Green Grass Grows (Earth follows),complainer,,Snap!,Green Grass Grows (Earth Follows),130
3cb78c05-e59b-4f37-9060-e4d5bdccfb2f,"John McLaughlin, et al.",Planetary Citizen,complainer,,John McLaughlin,Planetary Citizen,131
df69b944-dcfc-4bfb-86b0-bb464ff00f75,Isley Brothers,Love is a Wonderful Thing,complainer,,The Isley Brothers,Love Is a Wonderful Thing,132
7d818fcb-6374-4948-9f1d-f54fea4ee58f,Michael Tisi,Sell Your Soul,complainer,,Barely Heroes,Sell Your Soul,133
c2366706-91ee-45ce-a0cc-4b17d8dddfe6,,Various pop songs in SACEM catalog,complainer,,GaBLé,Sacem,134
8c3b2197-d29a-4d5f-b2a4-4bb9b9f72ef7,Matthew Cooper,The Lower we Fly,complainer,,Outside,The Lower We Fly,135
a29a3515-c220-4a68-ae9d-e35256c18680,Astrud Gilberto,Girl from Ipenama,complainer,,Astrud Gilberto,Girl From Ipanema,136
6e14e66a-a9bb-4c2e-b29d-faa0744ef8e3,Albano Carrisi,I cigni di Balaka,complainer,,Al Bano & Romina Power,Cigni di Balaka,137
d2195502-4db7-46bd-9616-bcf78558a62b,Marlon Williams,The Symphony,complainer,,sir john barbirolli,vaughan-williams 8th symphony toccato,138
2f754617-70ae-4225-9d13-215862cec169,Chuck Berry and Johnnie Johnson,Wee Wee Hours,complainer,,Chuck Berry,Wee Wee Hours,139
6e6d3e04-12df-418a-8e4b-e52ac19a932e,Paula Toliver,Independent Lady,complainer,,Ryan Baine,Independent Lady,140
8b3c7613-1343-430e-a3ad-ad6ebae9aa47,Marianne Creagh,Where are You Now,complainer,,Marianne Nowottny,Where You Are,141
83040247-3a41-4ca8-924a-98be99eea44a,"Leo Nocentelli, et al.",Hand Clapping Song,complainer,,Leo Nocentelli,Your Song,142
671e0bb0-6595-4cfc-86ee-acaf63a5e76f,Stephan Malmstedt,Jenny and I,complainer,,Stephan Malmstedt,The Red Light,143
8c97f0e7-0cad-4346-89d3-ae42c3445e1c,WEH,Heartbeat,complainer,,Weh!?,Jaws,144
396df7d2-81bc-4753-8b3a-43cb77f3692c,Michael Cottrill and Lawrence Wnukowski,What You See is What You Get,complainer,,Rick Kemp feat. Andrew 'Spud' Sinclair & Michael Chapman,What You See Is What You Get,145
bc87b33e-0352-48a5-85cd-0149a5f2b117,James W. Newton,Choir,complainer,,James Newton,Choir,146
49f8944b-1a01-473d-b265-3f7e4ddf083e,"Edward ""Kid"" Ory",Muskrat Ramble,complainer,,Kid Ory,Muskrat Ramble,147
8de682a5-bf9a-477b-98b8-61c8a617633d,John L. Jorgensen,Long Lost Lover,complainer,,The Three Degrees,Long Lost Lover,148
b9cef55e-5185-4cf9-be1d-bb7cf6743e9d,"Mehmet Ergin, Christoph Lienemann",Jingle of German bank: “Wenn’s ums Geld geht-Sparkasse”,complainer,,Big Jay und die GPÖ,Geht ums Geld,149
f833fca3-0e0a-45cd-b54d-a3997c9d010b,Asei Kobayashi,Dokomademo Ikou [Let's Go Anywhere],complainer,,SWIM SWEET UNDER SHALLOW,dokomademo,150
952af1ab-7ed9-4d06-a803-add49c3e9193,Apollo Inc.,When the Sun Rises,complainer,,Jeff Wahl,When the Sun Rises,151
22f6ed13-64dc-43d6-bd3b-1c512bb227ae,Seth Swirsky and Warryn Campbell,One of Those Love Songs,complainer,,Seth Swirsky,It's Still Love,152
12600e4d-65cd-4c01-bcc6-a3ba8ff4f023,Soloman Ntsele [p/k/a/ Linda],Mbube,complainer,,Solomon Linda’s Original Evening Birds,Mbube,153
3d955493-0b42-462d-a9d9-e68f3cdeb468,Demme Ulloa,Brief countermelody to defendant's song,complainer,,Out Hud,Defendant's Song,154
5b05cbcc-9d91-4ba5-b98f-c595f77da3a9,"Ramid Brown, et al.",Straight Like That,complainer,,$tupid Young,Straight Like That,155
7f9ed647-376e-4494-95a1-4047ea17c4b6,George Clinton,Get Off Your Ass and Jam,complainer,,George Clinton and the P-Funk All Stars,Get Off Your Ass & Jam (:58),156
7692d439-0492-43f3-81e5-46e89fa8ca19,Elizabeth Coffey,Forever After,complainer,,Dennis Coffey,Our Love Goes on Forever,157
5dfe369b-5421-492c-9bba-5681453b5359,Tia Griffin,Heart of Gold,complainer,,Patty Griffin,House of Gold,158
c5da9b12-1f99-4eab-b492-5a43953e6893,Calvin R. Johnson,You’re the One (For Me),complainer,,Ella Johnson,You're the One for Me,159
b5eec9a6-c17c-4524-b1e7-1ed3cb86400d,"Jerome Temple (""Jubilee"")",Back That Ass Up,complainer,,DJ Jubilee,Back That Ass Up,160
05d566f6-d9e5-4325-acd7-5b3ef9b9508e,Ralph Vargas and Bland-Ricky Roberts,Bust Dat Groove Without Ride,complainer,,Carlos Bess,Bust Dat Groove (w/ ride),161
53987440-6a19-4975-b8bf-c21ddc2e2a4b,Yong Wang,Send My Comrade to Beijing,complainer,,Wang Changcun,20161209_live_at_beijing,162
72083ac0-9e4d-4f93-8ac0-145f3e7dc9cd,Sergio Endrigo,Nelle mie notti,complainer,,Sergio Endrigo,Nelle mie notti,163
0f525747-8cb0-4ba1-bc65-693c47d71ea4,"Carl Boone (""Trajik"")",Holla Back,complainer,,8Ball feat. Carl Thomas,Holla Back,164
36ec00df-2dbc-47f0-9f93-b681d950d585,Bradley Tilford,Still Tippin',complainer,,Tilford,"Dylan Loves Happiness, Tap Dance, and South Dakota",165
7cae4d33-c48f-4d40-a4b7-73473fb314b0,Jennifer Armour,Got a Little Bit of Love for You,complainer,,Michael Hurley,A Little Bit of Love for You,166
9ed37b93-b3f8-4f81-8fd5-e4788a2e3088,"Robert Jones, et al.",Singing in the Morning,complainer,,Al Simmons,Singing in the Bathtub,167
f4d16748-1440-4d76-a96c-14086d490d2f,Luther Campbell,It's Your Birthday,complainer,,Luther Campbell,Take It Off (album version),168
e9d1f682-50c8-4021-b7d4-80fcfa0d7ea4,Lo,Lianshang Love Song,complainer,,Roger Nichols Trio,"Love Song, Love Song",169
cc900a45-a623-4c19-b175-a631eafbed98,Ralph Vargas and Bland-Ricky Roberts,Aparthenonia,complainer,,Ralph & Ricky Skaggs,The First Step to Heaven,170
e0625845-47b6-4967-ae55-ee21007dae19,Victor Velez,Hasta Hoy,complainer,,Mario del Río con el Mariachi Corona de David Lopez,Hasta hoy,171
a15fbc2e-48d9-4fa3-ae93-d3f01777dd93,Chris Lester,Nowhere Fast,complainer,,Meat Loaf,Nowhere Fast,172
53acd677-0423-471e-bd60-8451bc103a74,Xu Ruhui,"Arrangements of Chinese Operas, including: The Mother as Slave",complainer,,Xu,Sea of Cobwebs,173
ecf2722f-f830-460b-b322-31499eec12e7,Corey Glover,Make Up Your Mind,complainer,,The Good Men,Make Up Your Mind,174
4b9b3a70-fa11-4b4f-a11f-ceac2f7751e3,"Jurgen Winter, et al., (a.k.a. ""Jud's Gallery"")",Nordrach,complainer,,Jud's Gallery,Nordrach,175
cc39412b-a24d-4dcb-a1ea-5684a4db5679,Ram Sampath,The Thump,complainer,,Ram Sampath,Haule Haule,176
295ff2c5-7df1-4595-9c03-ff9dceaf1cab,Rickey Allen,Cater 2 U,complainer,,Beyoncé,Cater 2 U,177
27941c31-970d-4f34-86d7-49c8ed923341,Dustin Evans,Good Ol' Days to Come,complainer,,Dustin Evans,Good Ol' Days to Come,178
1fac6603-0eaf-437b-9fd7-b850e7019dec,Samuel Steele,Man I Really Love This Team,complainer,,Steele,Everything I Love,179
85d99974-2be4-4e4c-917b-948e96d27a1d,George Clinton,Atomic Dog,complainer,,George Clinton,Atomic Dog,180
24001a84-f6ef-4621-adae-7fe635bb18be,Leonard Jones and James E. White,Party Ain't Crunk,complainer,,James White,Monkey Party,181
96958422-ea5f-4115-89cd-a2745452d9c5,Joe Satriani,If I Could Fly,complainer,,Joe Satriani,If I Could Fly,182
263f6386-f4f7-4afd-b870-fa5a35e26f80,WEH,Heartbeat,complainer,,Weh,Hang 'Em High,183
7e79fb6c-9e3f-4f8f-a0fe-05ec8debf998,David & Peter Currin,I'm Frontin',complainer,,Stealth & Cold Fusion,Frontin’,184
00c69d35-0b96-4002-9182-012f7b7f306a,Marion Sinclair,Kookaburra Sits in the Old Gum Tree,complainer,,Marion Sinclair,Kookaburra Sits in the Old Gum Tree,185
6bc9f4b2-d165-406a-ae98-08d3a8f1a0da,Preston Marshall,You are the One,complainer,,Steve Marshall,You Are the World,186
1f9b9357-2918-467b-8ddb-5c12d407dd28,Robert R. Prunte,"Fire in Da Hole, Plus Others",complainer,,Black Rob,Fire in da Hole,187
ad6b7fec-2740-41f6-8f10-99a6499baf88,Martel Ellis,Danger,complainer,,Vinyl Dial & Sam Ellis,Into Danger's Mouth,188
08890a30-0d6a-43f5-971a-ebbb13a6d951,Ebony Latrice Batts aka “Phoenix Phenom”,Boom Dynamite,complainer,,The Courettes,Boom! Dynamite!,189
6aafff6e-5701-41f8-93d5-b470c0995384,Jake Holmes,Dazed and Confused,complainer,,Jake Holmes,Dazed and Confused,190
04955af7-ccc4-481e-8a7a-ff3cbb3f2138,Ernest Straughter,The Reasons Why,complainer,,Sunny Ledfurd feat. Ziggy Pockets,The Reasons Why,191
4ee9a470-414e-4e89-b01c-e87b38e089db,Wadena Pyatt,Caught Up,complainer,,Sofia Källgren,Caught Up,192
8a6b873d-50ed-47d8-85da-e81d1ba2cdfd,"Ryan Lessem, Douglas Johnson",Elevator,complainer,,Liam Ryan,Blue Elevator,193
40edebc1-11b9-4eed-b563-1a962e8d3913,Anonymous,Baghon Mein Behar Hai,complainer,,Lata Mangeshkar & Mohammed Rafi,Baghon Mein Bahar Hai,194
2de2f6ab-0e75-45c8-b843-729734bb33ff,Marshall Mathers [aka “Eminem”],Advertisement for Chrysler Corp.,complainer,,Peter Mathers,For Sueth,195
9f9f6ffe-2034-4544-bc9d-7639837f259d,Stephan Obinger,,complainer,,Trankil Trankil,NAN NAN NAN NAN NAN NAN (INTERLUDE),196
f68ad646-241d-4eda-8a63-6d8fe211ba99,Anthony Stokes,Where are You Now?,complainer,,Anthony Weedon,Where Are You Now,197
5a7c18b2-dc01-4151-9061-1854e4612f4e,Bruce Lyles,Without You,complainer,,Bruce Springsteen,Without You (band),198
3141c6cf-e585-4ce1-a8b4-f2b755ab1a73,Vince Peters,Stronger,complainer,,Rainbow Room,Stronger and Stronger,199
080a6098-559b-47a7-929c-09092c6c1050,Meiru Huang,What Is Wrong with Love,complainer,,Tracy Huang,I Want to Know What Love Is,200
f5653e27-4b78-439e-ac6b-7bcb76963941,William Keith,Bedrock,complainer,,Keith Tinman & Jonathan Dunn,Bedrock,201
7f587763-468c-4dd5-81ad-547ccdf30002,"Robert Poindexter, et al.",Thin Line Between Love and Hate,complainer,,The Persuaders,Thin Line Between Love and Hate,202
af225861-963f-4aec-8b89-373455bd8e13,Rui Hua Wang,You and Me,complainer,,Wang Wei,You and Me (The Myth),203
f99809f5-1ed3-461f-a3cb-a121c24d92d8,Daniel Auerbach and Patrick Carney,Lonely Boy; Gold on the Ceiling,complainer,,Rosie Carney,Ceiling,204
71541a0b-4d52-4fab-a1da-895e50143e83,Lars Erickson,Pi Symphony,complainer,,Lars Erickson,"Movement I, Pi and e",205
6e304301-0e31-4b86-a63f-c1fef3575e09,Kevian Haghgoo et al.,Soosan Khanoom,complainer,,Barobax,Soosan Khanoom,206
9c78ddd6-ed8e-426c-94fd-31078daddcc7,Guy Hobbs,Natasha,complainer,,Pig Destroyer,Natasha,207
e64ab9a2-1b7e-4200-8edd-86394dcd97ff,Will Loomis,Bright Red Chords,complainer,,Will Dailey,Bright,208
dc6ef71a-0800-48f2-b93e-5a5c4de27ba8,Usher Raymond,Syl Johnson,complainer,,Dominique A,Syl,209
15b46342-814c-4ce7-bb71-2aa39c32dc9d,Bloodstone,I'm Doing My Job,complainer,,Bloodstone,I'm Just Doing My Job,210
7ec28014-dbb9-4438-85a4-8684bcb32f9f,Rebecca Francescatti,Juda,complainer,,"Amit Mishra, Debanjali B Joshi",Juda Juda,211
009bcdcf-b875-4145-b39e-69284c6c5e78,Brian Pringle,Take a Drive,complainer,,Aric Pringle,"Take One, They're Free",212
71a0fa9a-21d3-4ac5-a571-a0363fa5331c,David Pryor,Bumpin' Bus Stop,complainer,,Thunder & Lightning,Bumpin’ Bus Stop,213
2d1b9303-e934-45dc-b11b-79eeefb7808f,Eddie Bo & The Soul Finders,"Hook & Sling, Pt. I",complainer,,Eddie Bo and The Soul Finders,Hook & Sling,214
0d73c65c-fcff-48be-8261-1d0a093d27da,Ramon Arias Vasquez,Loca con su Tiguere,complainer,,Eddy K & Silvio Mora,Loca con su tiguere,215
81ca7259-f043-49e4-9e26-abb378d0f34a,Paul Batiste,I Like Your Way; Blues Man,complainer,,DJ Batiste,I Am Your DJ,216
b2c7545e-c4e4-4a56-ae8e-2876195f27a3,"Klaus Wüsthoff, Hans Günter Wagener",Fanfaren-Blues,complainer,,Hans-Günter Wagener,The Blue House,217
8fb1c249-b95d-4e2b-bcd5-cc53c3f79cd2,Ahmad Javon Lane,X.O.X.O.,complainer,,Greg Hatwell & Marc Lane,XOXO (b),218
8b1f1146-c4a8-4260-be50-9fcc70bbc979,Lenny Lee Goldsmith,Zimba ku,complainer,,Black Heat,Zimba Ku,219
cab084b8-fc77-4845-8851-0eeffce51bc7,Devin Copeland,Someone to Love,complainer,,Copeland,You Love to Sing,220
0e78bc07-6937-4142-80ea-a47b3c368e24,Trouble Funk [band],Say What; Drop the Bomb,complainer,,Trouble Funk,Drop the Bomb,221
fcff2e13-22d5-4ae6-ac61-5a70a978b163,"American folk song, as performed by Bo Carter",Corrine Corrina,complainer,,Bo Carter,"Corrine, Corrina",222
21f9740b-25fb-403a-8512-22008eef00eb,Daniel Marino,,complainer,,Daniel Lindström,Nån slags verklighet,223
e81aa1b5-c328-4b69-b4f3-aa86f750cb0d,Tom Petty and Jeff Lynne,I Won't Back Down,complainer,,Tom Petty,I Won’t Back Down,224
09783e76-bc4b-4b14-9ef7-b638a4457e2a,Richard Friedman,To Our Fallen,complainer,,Richard Friedman,To Our Fallen,225
2dfdcbdc-924f-4055-9e41-16d97090326b,Dark Sanctuary,Les Memoires Blessées,complainer,,Dark Sanctuary,Les Mémoires blessées,226
bfdb93fa-830e-457a-a4f5-607ed41b1bf6,Jefferson/Jean-François Johnson,Forever,complainer,,Jean-François Groulx,Forever,227
b19c3371-5319-4fc3-ac89-c0750d35e6b5,Jose Guzman,"Triste Adventura, alternatively known as Cartas de Amor",complainer,,Zé Henrique & Gabriel,Cartas de amor,228
7351f457-afb9-47c2-b790-cfe45240881c,Enrico Riccardi and Luigi Albertelli,Zingara,complainer,,Little Tony & Bobby Solo,Zingara,229
e61a14c2-abc7-408c-ab16-11ebf8e17c13,Baligh Hamdi,"Khosara, Khosara",complainer,,Abdel Halim Hafez,Khosara Khosara,230
2dc770ed-c776-48e3-a4b5-edd807495297,Amy Bowen,Remind Me,complainer,,Buddy Knox & Jimmy Bowen with The Rhythm Orchids,Stick With Me (Jimmy Bowen),231
1a89ddc7-1566-4860-b3fb-39061169a3a8,"Vincent Montana, Richard Pettibone",Chicago Bus Stop,complainer,,Andrew Vincent,Bus Stop,232
988e9299-f616-4ee4-9074-21552a119d5b,Joel McDonald,Made in America,complainer,,Forrest McDonald,In America,233
e8fec4fb-b65f-4731-8eba-4779213bfbfa,African-American Spiritual,We Shall Overcome,complainer,,The Freedom Singers feat. Pete Seeger,We Shall Overcome,234
da3f5dd9-b63b-4e59-aaad-5b8963ea7f8e,Alisa Apps,Need to Know,complainer,,APPS,Robocop (A Tribute to Kraftwerk),235
99816e4a-713a-4be6-9888-57dbcee5c29a,Timothy Arnett,Remember Me,complainer,,Arnett Cobb,Blue Me,236
956e7caf-bc9a-4ee5-b110-50e1b0c172ea,"Joseph Bereal, et al.",Came to Do,complainer,,Al Et Al,I Want to Fly,237
bc8fcc16-6b50-4e2e-8e0f-854b082f47b1,"Eric  Smith, et al.",No Rain,complainer,,Wayne Smith,Rain Rain,238
4a97d9a3-e4fb-44dd-9852-4a36e6ba4d2c,Gabor Presser & Anna Adamis,Gyongyhaju Lany,complainer,,Presser Gábor,Gyöngyhajú lány,239
daed59f0-7844-4265-8763-59238d0a7ab2,"Bill Withers, et al.",Don't You Want to Stay,complainer,,Bill Withers,Don’t You Want to Stay?,240
5413c81b-3e2e-41cb-86a9-17db83139d66,"Thomas McElroy, Denzil Delano, Jay King",Why You Treat Me So Bad,complainer,,Club Nouveau,Why You Treat Me So Bad,241
88f20abc-723d-46b3-91b8-51ce8373ed3e,Members of  the band “X Ambassadors”,Jungle,complainer,,X Ambassadors,Jungle (The MADE Edit),242
1f799935-4967-4d46-8855-5935680098c2,Members of  “electro-funk” band Collage,Young Girls,complainer,,Collage,Young Girls,243
fcff2e13-22d5-4ae6-ac61-5a70a978b163,Public domain blues number performed by Bo Carter (Chatmon),"Corrine, Corrina",complainer,,Bo Carter,"Corrine, Corrina",244
97424337-7a2c-40ac-b9fb-b9aa07a41a39,“Sleigh Bells” [band],Infinity Guitars,complainer,,Sleigh Bells,Infinity Guitars,245
238b611c-ac6a-40de-ac31-6499089f4471,Alex Greggs,Takes All Night,complainer,,Alex,All Night,246
2cda952f-08bc-4314-80c5-2fa5da25ff75,Martin Harrington & Thomas Leonard,Amazing,complainer,,Leonard Moore,Amazing Race,247
7a44e048-84f4-42a6-9725-f43c6af8b26c,"Jeff Barry, et al.",Christmas (Baby Please Come Home),complainer,,Al Runyon,Baby Please Come Home,248
c00ea778-4e2f-4f88-9073-8543da095144,Casey Dienel,Ring the Bell,complainer,,Casey Dienel,The Coffee Beanery,249
eabd7153-f626-4238-8e1f-73e8255dec26,Cirque du Soleil,Steel Dream,complainer,,Cirque du Soleil,Steel Dream,250
7e6cbf8a-e56f-4ad6-9467-5fbe809a8df0,Perry Kibble,A New Day is Here at Last,complainer,,J.C. Davis,A New Day (Is Here at Last),251
8083e8c3-696c-4539-8ec8-06e842312096,Laurent Feriol,Les Chansons d’artiste,complainer,,Navet Confit,Les Chansons,252
af83c4b4-cafb-4ee2-9937-295f07ecc1b5,Willia Dean Parker & Homer Banks,Ain't That a Lot of Loving,complainer,,Homer Banks,Aint That a Lot of Love,253
f96ab8e5-ddb0-46aa-a79d-5e2ef8bac2ad,"Wiliam Roberts, Andrew Harr, Jermaine Jackson",Hustlin,complainer,,Harr.,I'm Trying,254
5f5eb5ef-ebf5-4626-9e78-24f3356af2ab,Leroy Mitchell,Star in the Ghetto,complainer,,Prince Phillip Mitchell,Star in the Ghetto,255
c0292258-9608-4735-8b5d-2a5083c1ac9c,Abdul Muhammad (Erik Saunders),Bridge Through Time,complainer,,The Yaga Yagas,Bridge Through Time,256
b7e94e8f-d933-49d9-9259-46e9d4082306,Roger Troutman,More Bounce to the Ounce,complainer,,The Foreign Exchange,Downtime (Nicky Troutman’s Bounce to the Ounce remix),257
8f1bab81-32d4-48a1-b344-b3674b634462,"Jon Dunmore, Mike Molina",[I’d do] Anything for You,complainer,,Roky Erickson,For You (I'd Do Anything),258
71045f67-7aa5-4bcb-be5a-f91a13629965,Sean Hall,Playas Gon’ Play,complainer,,3LW,Playas Gon’ Play,259
bfea7879-a183-40c9-a3cc-d253e3aae188,Anthony Barre aka “Messy Mya”,Booking the Hoes from New Wildings; A 27 Piece Huh?,complainer,,Messy Marv,Hoes Ain't Shit,260
aa43a741-72a2-4604-b991-d906d7e944e7,"Fredley Saurel [aka “Freddy GZ”], et al.",Turn Down for What?,complainer,,Waka Flocka Flame,Turn Down for What,261
c25ef736-5a8e-4ae2-af4f-6114fb7dbddc,Joel Bosh,Yo Soy Boricua,complainer,,Sociedad '76 & Johnny Zamot,Yo soy boricua,262
ae51e807-3153-4962-b25d-e456e8b4637b,Kishore Kumar & Asha Bhosle,Kehdoon Tumhe,complainer,,Kishore Kumar & Asha Bhosle,Kehdoon Tumhen,263
c2d6a51e-aae1-4d13-93b7-c55e3fd986eb,The Sequence,Funk You Up,complainer,,The Sequence,Funk You Up,264
5ec01414-8d59-4dfc-aae1-4cbd88a81c9d,Paul Rose,Nae Slappin',complainer,,Kim Larsen,"Næ, næ, næ",265
438f3866-9105-4568-b6e9-2ab656bb599c,Abiodun Oyewole,When the Revolution Comes,complainer,,Abiodun Oyewole,When the Revolution Comes,266
0774920a-7dca-41f3-948d-5ea5fa47d3e2,"John Wilson, Charles Still, Terrance Stubbs",Sho' Nuff,complainer,,Reuben Wilson,Sho-Nuff Mellow,267
1d8058f0-742c-424d-ac3e-dc2283cb5e1c,Luis Cortes-Ramos,World Cup Song Contest Entry,complainer,,Guest,November Contest Entry,268
e61a14c2-abc7-408c-ab16-11ebf8e17c13,Baligh Hamdi,"Khosara, Khosara",complainer,,Abdel Halim Hafez,Khosara Khosara,269
1f79211d-4450-42f4-9edd-e3f7f50f2eb7,Marvin Gaye,Got to Give it Up,complainer,,Marvin Gaye,"Got to Give It Up, Part 1 (Gigamesh edit)",270
e6b4c37d-d08a-4cfa-9b9c-c3542202e4b8,Herman Weems,Why Can't There Be Love,complainer,,Dee Edwards,Why Can't There Be Love,271
3b718590-3fc0-4ebb-b26b-63bb52f8e7c5,Michael May,We Run Things,complainer,,Diamond D,We Run Things,272
bc37d1bb-9d1f-4d4f-92de-020a41897284,Drayter [Band],Best I Had,complainer,,Alex Dezen,I Had a Band,273
4ca6c319-ce40-4651-b1bf-0c0e7f7a8aef,"Sean Carey, Beau Golden, Jasmine Rae",When I Found You,complainer,,Jasmine Rae,When I Found You,274
b03da246-2566-471f-be87-79c5643e43c2,Neomi Del Rio,Flight Safety Video,complainer,,Rio Rio,Last Flight,275
16e5f706-01c3-4858-9972-960e76bb624a,Jamie Ciero,Volar,complainer,,Pez,Volar volar volar,276
be3adf4b-7f7c-436e-9a34-ff295c72178b,Tracy Chapman,Baby Can I Hold You,complainer,,Tracy Chapman,Baby Can I Hold You,277
88eb41b8-f6bb-4d29-a231-84b473a8446e,"Dan Tramon, Diana Belkowski, and Carl Anthony Tramon",Rocket Boys Musical,complainer,,Tommy & Bobby,Musical Rocket,278
442af265-a81e-4d04-9b3a-aada52739d67,Benny Mardones & Robert Tepper,Into the Night,complainer,,Benny Mardones,Into the Night,279
73665d52-90da-4a45-91b2-3579e5c61ded,Richard Morrill,Who's Got My Lightah (1996) / Who's Got My Lighter (2009),complainer,,Panic Shack,Who's Got My Lighter?,280
4b923629-44ef-474a-9f13-9bdc04cec17f,Stahlgewitter,Auftrag Deutsches Reich,complainer,,Stahlgewitter,Auftrag Deutsches Reich,281
821a2c61-f248-425d-9a5e-6127cafd077a,Harumaki Gohan,Hachigatsu no Rainy [August Rainy],complainer,,gohan,AUGUST,282
9190bb3b-7390-42f3-8d5e-003edd783c81,"Marshall Mathers, et al.",Lose Yourself,complainer,,House of Brothers,Lose Yourself,283
53927cc4-1deb-4017-90d4-939cd0c3d6ad,The Rolling Stones,The Last Time,complainer,,Tymon & the Transistors (gościnnie Wojciech Waglewski),The Last Time (Rolling Stones),284
03f5cc68-de62-4735-9603-01252388895e,Alice T. Johnson and N.G (minor child),Video Recording of child praying,complainer,,Destiny’s Child,Destiny’s Child Interview (video),285
c70319ce-c4a9-4ed6-b6cb-7cdb6bdda632,"William Smith, Brian Clover, Scott McCulloch",I Need to Love,complainer,,William Scott,I Cant Wait to Love You,286
f7284679-1a24-421f-a90d-59b76cffd3fc,Song-A-Tron Music,Back it Up,complainer,,Recollect,Must Be Music (Heat It Up Mix),287
216f7b25-40a3-4fd9-85b9-0e6424e68df4,Kraftwerk,Metall auf Metall,complainer,,Kraftwerk,Metall auf Metall,288
d3a07e17-5004-4b05-a2b7-e6baf9553cda,Mimi Korman,Me Olvide de Vivir,complainer,,Tamara,Me olvidé de vivir,289
e1802380-839c-43d0-9a17-3eeca183fe63,Esmeralda Lucy Rodriguez,Pediré,complainer,,Bobby Pulido,Le pediré,290
4cf030e7-a0a6-4717-9d08-d591da639df7,"Samuel Nicholas III (""Sam Scully"")",Roll Call (Instrumental),complainer,,Tommy Wright III,Roll Call,291
c235dd92-9565-4667-a942-f3d93a60d670,"Brandon Lee (""Don Lee"") & Glen Demeritt",gwenXdonlee4-142,complainer,,Don Lee,Do Your Dub Thing,292
6cec9d3c-fd0f-407a-9e4b-e512e12fa3ca,Zachry Brown,Nowhere Left to Go,complainer,,Zac Brown,Nowhere Left To Go,293
2c1d1b9f-cf45-4824-8e9e-41ed2f8503a0,Mark Halper,Don't Throw Our Love Away,complainer,,Dominoe,Don't Throw Our Love Away,294
ad7699dc-570f-4882-ac78-0ff0c405a61c,Jesse Graham,Haters gone Hate,complainer,,Seckond Chaynce,Haters Gone Hate,295
21f5c52b-2d48-4a44-b6fa-c82bf3dcd06a,"Ryan Key, et al. (""Yellowcard"")",Holly Wood Died,complainer,,Yellowcard,Holly Wood Died,296
ab70e698-d7df-4653-945c-5a5f83c56152,"Tamita Brown, et al.",Fish Sticks n' Tater Tots (song),complainer,,Forests,Tater Tots,297
a80f12b1-ed50-4f2c-9a65-c6c3d06b17ea,Nazim Guity,Eres Mia,complainer,,La Rondalla de Saltillo,Eres mía,298
e549ae43-7d08-459b-833d-ddaf9da8c170,"Leander C. Pickett (""M.O.S."")",Walk It Like I Talk It,complainer,,Ace Hood,Walk It Like I Talk It,299
6d57786b-e6ba-4daa-8305-c9aa2c8252db,Sharon Stone,,complainer,,Sharon Stone,T’Was the Night Before Christmas,300
112a7502-e8c8-44f3-bc4f-f7c6576696d0,Paul Batiste,Hip Jazz; World of Blues; Salsa 4 Elise; I Got the Rhythm On,complainer,,Paul Deslauriers,Blues Got the World...,301
f4bd30e8-e7a8-4ff6-9998-4bbbe25b5435,Eddie Lee Richardson aka Hotwire the Producer,*Hood* Pushin’ Weight,complainer,,DJ Mystik,Pushin' Weight,302
e76232ef-1eaf-492b-a89e-fa88424544b5,Ernie Hines,Help Me Put Out The Flame (In My Heart),complainer,,Ernie Hines,Help Me Put Out the Flames (In My Heart),303
1e88ada8-7fea-49d0-9e21-0413485fc694,"Melissa Jefferson (""Lizzo"")",Truth Hurts,complainer,,Lizzo,Truth Hurts,304
cdb2e4e4-3bd3-45ff-a2f5-6b53f3fdc933,Dada Kondke,Var Dhagala Lagli Kal,complainer,,Asha Bhosle,Lagli Lagli Kaisi Hichki,305
cb69b3b6-66a2-4291-84c4-08dc92a2ac7b,Jimmy Smith,Jimmy Smith Rap,complainer,,Jimmy Smith,Jimmy Smith Rap,306
6ecfc8cc-8e77-424c-b1a6-816dd74e58ab,"Yeasayer, LLC",Sunrise,complainer,,Yeasayer,Sunrise,307
65be9110-6419-49b2-a535-b4ae1cba45e2,Randy Wolfe,Taurus,complainer,,Pie Conijn,Taurus: Taurus IV,308
eadeab4c-8fdf-499a-a0ab-e4bc3776cef7,"Marcus Gray, et al.",Joyful Noise,complainer,,Carlton Pearson,Joyful Noise,309
c86d1c16-d3f0-47fb-a202-ac22f955f29a,Tyler Armes,Circles,complainer,,Tyler Daley,Small Circles,310
c4ed56e0-c303-4a2f-8188-9ed740c40565,"Seth Gordon (""Yung Gordon"")",Yung Gordon Intro,complainer,,Dexter Gordon,Intro by Dexter Gordon,311
5f0ff901-922e-44ce-832e-7d126eaa9f14,Marvin Gaye,Let's Get It On,complainer,,Marvin Gaye,Let’s Get It On,312
99925beb-7218-4d96-85a3-2ed11724eb87,Darell Jackson,Side Show,complainer,,Alan Jackson,Alan Jackson Show Promo,313
7916bb0f-fd92-4754-a2af-13a4082bd591,Toni Basil,Mickey,complainer,,Toni Basil,Mickey,314
fed8651b-965b-4541-b18d-251997f709ce,,,complainer,,Wayra Nan,Qapaq Nan,315
e21a668e-e366-49c3-9957-2bde61fe5f8c,"Curtis James Jackson (""50 Cent"")",In Da Club,complainer,,50 Cent,In da Club,316
9f9f6ffe-2034-4544-bc9d-7639837f259d,Terrance Hayes,,complainer,,Trankil Trankil,NAN NAN NAN NAN NAN NAN (INTERLUDE),317
e4e2f5c6-8491-4b0c-94ba-342e5cd2ef0c,Josh Stone,"You Need It, I Got It",complainer,,Stevie Stone feat. Krizz Kaliko,I Got It,318
b68b5c7e-acf6-4321-84d6-cc05d245f660,Sam Chokri,Oh Why,complainer,,Bomb the Music Industry!,"Why, Oh Why, Oh Why (Oh Oh Oh Oh)",319
5f0ff901-922e-44ce-832e-7d126eaa9f14,Marvin Gaye,Let's Get It On,complainer,,Marvin Gaye,Let’s Get It On,320
61b3d5fa-19e0-4e4f-9610-df87438b3fd5,Barbara Norwood,Martian,complainer,,Barbara Manning,Martian Man,321
0424c896-91aa-41f4-89a9-ffc1d46a9923,Emelike Nwosuocha,Made in America,complainer,,Market Price,Made in America,322
20ae2657-dee9-46cf-af69-0d1eb8b34afa,Mr. Cooper,I Love Your Dress,complainer,,Nathan Halpern,I Love Your Dress,323
9bba37b3-d10c-4d87-8bf7-f4c324ba8bfd,Cameron Cates,She Loves Her Job,complainer,,Cameron Hansen & Bethany Hansen,She Loves Me (She Loves Me),324
dda414b3-81c3-44c7-bea8-2eaa44d1dbcb,Gutta,When U Think About It,complainer,,kixnna,when i think about u,325
643691d0-9ea7-4136-a9b5-10bf77efb4f4,Jóhann Helgason,Söknuður,complainer,,Jóhann Helgason,Söknuður,326
d4ace1ba-b12f-4b70-8693-4a8ea78b9cf4,Cleveland Browne & Wycliffe Johnson,Fish Market,complainer,,Steely & Clevie,Fish Market,327
9913313f-c401-4e61-9dcc-e878a2b8af19,"AOM Music, Inc.",Playero Works,complainer,,Fuerza Bruta,Playero,328
932ae478-4ec9-42e9-bd61-bd2105e63166,Marshall Jefferson,Move Your Body,complainer,,Marshall Jefferson,Move Your Body,329
ee693db7-4e2e-4ec7-be35-f35d66b52264,G-Money,Shawty So Cold,complainer,,A. G. Cook,So Cold,330
25c761ea-836e-4bdc-aa1c-903ee8a7dd35,Artikel Sound,Live Your Life,complainer,,Jason Bajada,The Sound Your Life Makes,331
6955b9da-3964-4d5e-a138-89cf6866055e,"Darwin Quinn, Mitchelle'l Sium,",Back N Forth,complainer,,Fedde Le Grand,Back N' Forth,332
6d964e47-d625-4600-aa68-b43d7c7f7a05,"Russell Brown, Sandy Linzer",Wiggle and Giggle All Night,complainer,,Cory Daye,Wiggle and Giggle All Night,333
2272246f-213d-4850-b62c-edb56c4bd432,"Lawrence Parker, Scott Sterling",South Bronx,complainer,,Scott La Rock & KRS‐One,South Bronx,334
aa2ea79a-fe14-469b-9462-2a5d52e4d68c,Bishop David Paul Moten,Unspecified Sermon,complainer,,Prince Paul,Sermon,335
2179f64c-38ed-4bd8-9e59-97c3fd5a9229,Yolanda Patrick,I Do What I Want,complainer,,Yolanda Kondonassis,Do You Hear What I Hear,336
8c76570b-e5a4-4082-82e0-f7e36735a0bb,Daniel Grigson,That Girl,complainer,,Daniel Isen,That Girl,337
52a908d9-cc78-48e8-bedd-28dbd435e709,"Jordan Vincent, Christopher Miranda",Dancing with Strangers,complainer,,Clear Static,Dancing With Strangers,338
07a4a98a-b6b2-4dab-967d-3469e5d46ec1,Sofi Tukker,Best Friend,complainer,,"Sofi Tukker ft. NERVO, The Knocks & Alisa Ueno",Best Friend (Sofi Tukker Carnival remix),339
9f5e394c-3d65-434c-b356-e31a0f138c9d,Rick Astley,Never Gonna Give You Up,complainer,,Walt Ribeiro,Rick Astley 'Never Gonna Give You Up',340
b778eec5-8269-4542-8a92-628ec7e9f250,"Andy Stone, AKA Vinnie Vance",All I Want for Christmas is You,complainer,,Doug Stone,All I Want For Christmas Is You,341
bfb4f673-c2f6-4a7f-bcee-28544cdb4f23,"Patrick Simmons p/k/a ""Havyn""",Somebody Tonight,complainer,,Patrick Cowley,Somebody To Love Tonight,342
cb087dcf-d088-44e7-be10-ef35582802d7,Obrafour,Oye Ohene,complainer,,Larry Achiampong,OHENE,343
de4785b6-85bd-4e9b-a8c2-59fc8611c9f8,"Concord Music, Universal Music Group and ABKCO Music",,complainer,,Kichwa's Native Music,Qapaq Ñan,344
0d11433a-6d42-410e-a913-622652a6b678,Duvall Chamberlain,In That Mood,complainer,,Chamberlain,That Was the Best,345
a51fd90b-f80d-4a14-bd81-3ec61642a6bd,Greg Perry,Come On Down,complainer,,Greg Perry,Come on Down,346
8519fb07-36f8-48a8-909d-0a19e1258130,Snowblind,Rockstar,complainer,,Snowblind,Lost in Dreams,347
788c2891-7300-436d-87a0-bb0a950585e2,W. J. Wetmore,The Cot Beneath the Hill,defendant,,Wolfarian,Beneath the Hill,0
6744d055-c3de-42e9-8982-755d5fd9653d,Samuel Carusi,The Old Arm Chair,defendant,,Williamson Brothers and Curry,The Old Arm Chair,1
fed8651b-965b-4541-b18d-251997f709ce,,,defendant,,Wayra Nan,Qapaq Nan,2
99ebbdba-5ae6-4bd6-9d1d-f829d90d196f,Anonymous,Serious Family Polka,defendant,,Polka Family,Clarinet Polka,3
bca841c6-cd74-444d-82ba-8dbb9ef38767,W.D.Hendrickson,Call Me Back Again,defendant,,Wings,Call Me Back Again,4
fed8651b-965b-4541-b18d-251997f709ce,,,defendant,,Wayra Nan,Qapaq Nan,5
f4ec2058-9f64-418f-a93d-1457a6e5bc06,Charles Sidney O'Brien,Ma Angeline,defendant,,Gaslight Radio,"Angeline, Angeline",6
648414d8-e9c1-444f-9d5f-853363b8cc16,Player piano rolls produced by defendant Whight,,defendant,,Player Piano,Und3rgr0und,7
fec2720c-1387-4cfa-b7f1-f80a275860ff,Adam Geibel,Little Cotton Dolly,defendant,,Criterion Male Quartet,Little Cotton Dolly,8
30b0f560-4f0c-46f9-8c4c-cd116cfc5f21,Joseph James,Never Turn Back,defendant,,R. H. Harris & The Evening Kings,Never Turn Back,9
2c451370-3c11-4735-b57a-0345e7426c5f,Jeff Godfrey,"Tennessee, I Hear You Calling Me",defendant,,Jeff Brown & Still Lonesome,Virginia I Hear You Calling Me,10
3a46d61e-da85-4201-9a15-16733aab7a8a,Al Piantadosi,I Didn't Raise My Boy to be a Soldier,defendant,,Gerri Gribi,I Didn't Raise My Boy to Be a Soldier,11
fed8651b-965b-4541-b18d-251997f709ce,,,defendant,,Wayra Nan,Qapaq Nan,12
5d19df2c-6287-4826-9c96-230e4e6dc0b4,John Gay,"Themes from opera ""Polly""",defendant,,John Gay,"The Beggar's Opera: Act I. Air. ""Pretty Polly, say"" (Macheath, Polly)",13
cb36c66c-0d41-4847-a887-9073c80b8e7f,Joseph Howard,I Think I Hear a Woodpecker,defendant,,lots of hands,i think i hear a woodpecker,14
29f421de-9e62-4105-8a89-5a57cc603018,H. Pitman Clarke,Swanee River Moon,defendant,,Charles Hart & Elliott Shaw,Swanee River Moon,15
8866cac0-8845-4164-8336-0a6b786098bf,Jerome Kern,Ka-lu-a,defendant,,Jerome Kern,A Little Thing Like a Kiss,16
04a6cb77-3d1e-4e8d-9526-cb82b085c9c9,A. A.Galasso,Mamma Mia M'ha Maritan,defendant,,A★Teens,Mamma Mia,17
884049ba-2b58-40e0-9303-b37fb92dc89f,Anonymous,St. James' Infirmary or Gambler's Blues,defendant,,Dave Van Ronk,Gambler's Blues/St. James Infirmary,18
23e5b27c-25d4-4921-ac0b-c96978cad9c8,Nathaniel Shilkret,Lady Divine,defendant,,Nathaniel Shilkret,Trailer Opening / Trailer Finale,19
38071f57-d319-4240-8a31-387067f6e3df,"Harry Warren, Al Dubin",What are Your Intentions?,defendant,,Al Dubin & Harry Warren,We're in the Money,20
86e5615e-e5af-4c0d-b90a-c8782a7a95ec,Bernice Petkere,Starlight,defendant,,Bernice,Pacemaker,21
30abcd71-68b2-458e-b279-9d768bedb284,Emery Deutsch and Arthur Altman,"Play, Fiddle, Play",defendant,,Ray Noble and His Orchestra & Al Bowlly,"Play, Fiddle Play",22
a012269c-9ea3-427f-a6a4-7e42bf4cbdda,Anonymous arranger,O Gladsome Light,defendant,,Novospassky Monastery Male Choir,"O, Gladsome Light",23
7b495d6b-92e7-4be7-ae3b-6c6737920e76,Harry Revel,Without a Word of Warning,defendant,,Gary Lewis and the Playboys,Without a Word of Warning,24
b2757722-6cf6-4faa-9713-56cbcc1ced00,Joe Burke,My Wishing Song,defendant,,Joe Burke,My Darling Asleep / Cailleach an Airgid (jigs),25
674e494f-8a8e-4593-b63f-8cb7022eed09,"Sherman, Meskill, and Silver",On the Beach at Bali-Bali,defendant,,Jimmie Lunceford and His Orchestra,On the Beach at Bali-Bali,26
16d4b644-aaf4-4040-bb01-030a669d3cd2,Sigmund Romberg,Desert Song,defendant,,Sigmund Romberg,Desert Song: Desert Song Waltz,27
ab1f3063-ec11-4c97-9ba2-ee9dbe0d8fd2,Frank Churchill,Someday My Prince Will Come,defendant,,Frank Churchill,Someday My Prince Will Come,28
1da73cc4-c6f6-4aef-8c60-43fba6dd5f96,Anonymous,Allà en el Rancho Grande,defendant,,Joan Blasco,Allá en el rancho grande,29
f805a60d-ceb8-4601-b0d6-ee276ec81790,Jerome Brainan,Chatterbox,defendant,,Sid Vicious,Chatterbox,30
0b92bf82-d884-4244-a172-c529dde6c534,John Openshaw,Love Sends A Little Gift of Roses,defendant,,Fritz Kreisler,Openshaw Love Sends a Little Gift of Roses,31
7d9133b8-a460-4894-93a6-740826ffa941,Hy Zaret et al.,It All Comes Back to Me Now,defendant,,Hy Zaret,Unchaine Melody,32
f8239e5a-3300-4b94-9775-2f39e0aefa97,Harry Warren,I've Got a Gal in Kalamazoo,defendant,,Harry Roy & His Band,I’ve Got a Gal in Kalamazoo,33
9e0ebb40-d135-4a2e-b930-4abd1909299b,Mack Gordon and Harry Warren,There Will Never Be Another You,defendant,,Harry Warren & Mack Gordon,There Will Never Be Another You,34
fed8651b-965b-4541-b18d-251997f709ce,,,defendant,,Wayra Nan,Qapaq Nan,35
e4027ef5-db6d-49b5-92d5-5ca20e2f9395,Hans Salter,Bad Lands of Dakota,defendant,,Hans Hollestelle,Dakota,36
d4366735-2038-4c6e-aaec-7ecf045886b1,Roger Edens,Drummer Boy,defendant,,Roger Whittaker,Little Drummer Boy,37
af7f7a7e-49f5-4221-af69-bf9526e8c178,Cole Porter,Don't Fence Me In,defendant,,Cole Porter,Don't Fence Me In,38
81cebf67-bd72-47c0-b284-da5567015de5,Aldo Franchetti,Perhaps,defendant,,Doris Day,"Perhaps, Perhaps, Perhaps",39
4c8c2ec3-b7c3-42a0-9dca-717deba6ffcd,Jeri Sullivan and Paul Baron,Rum and Coca-Cola,defendant,,Jeri Sullivan,Rum and Coca-Cola,40
4c8c2ec3-b7c3-42a0-9dca-717deba6ffcd,Leo Feist,Rum and Coca-Cola,defendant,,Jeri Sullivan,Rum and Coca-Cola,41
f1551f14-1487-43ee-bf4d-64a17d519857,Alphonso Tompkins and Lewis Simpkins,Long Gone,defendant,,Laurie Lewis,Long Gone,42
692dc283-c0d9-4b07-8c2d-ae591f95555a,Francis Craig,Near You,defendant,,Francis Craig,Near You,43
bd2dae80-5d60-4888-ae86-c51f8e139ff0,Henry B. Glover,"I Love You, Yes I Do",defendant,,Clarence Henry,"I Love You, Yes I Do",44
d8bb4c2a-8990-4420-a3d9-22d491bf499d,Frank Loesser,On a Slow Boat to China,defendant,,Hot Club de Frank,On a Slow Boat to China,45
0c7ebe8e-f201-43c8-8057-655a5514a3d7,Miklos Rozsa,"Theme for 1946 movie, ""The Killers""",defendant,,Miklós Rózsa,The Killers 1946,46
75447565-46d4-475c-aeb5-8ee968fc78f7,Issachar Miron & Julius Grossman,"Tzena, Tzena",defendant,,Joe & Eddie,"Tzena, Tzena, Tzena",47
257ac470-875f-43bc-8c26-dd60064d7596,"Song Ads, Inc.",Ad for San Francisco Brewing Company,defendant,,CCC Inc,San Francisco Bay,48
7e1bb150-6777-4726-accd-05d80ab07ee6,Muehlebach Brewing,Time for Muehlebach,defendant,,Archipelago Brewing Company,Child of God,49
752113d1-7f18-451f-920b-d1ea59b27b7c,Kenneth H. Wells,My God and I,defendant,,Emily Wells,Oh My God I Miss You,50
c1234e7e-4a16-4b34-8ddd-d760ce471cd7,Kaczmarek,While We Dream,defendant,,Sara Indrio,While we Dream,51
5714cf31-e35a-427a-924a-669cf6ea069f,Charles Green,I Dreamed,defendant,,the brilliant green,I NEVER DREAMED,52
1131c017-fb3b-4242-abbe-810ecc185a93,Erving Burgie,Jamaica Farewell,defendant,,Edward Simoni,Jamaica Farewell (Jamaica),53
7275e448-5902-44f5-9306-97a136b46db7,Peter de Angelis,Why,defendant,,Les Petits Chanteurs De Saint-Marc,De Angelis,54
184c92b1-011b-418b-905e-1623ac247df1,Frank Jacobs and Larry Siegel,Louella Schwartz Describes Her Malady,defendant,,Larry Wish,Malady,55
7e340c7d-a32b-4ae4-b748-5b1aab1866bb,James Sheppard and William Miller,Daddy's Home,defendant,,James Newton Howard,Daddy’s Home,56
80a2a573-a6f2-4f68-ab26-fda3099d9d2d,Robert Sherman,SUPERCALIFRAGILISTIC EXPIALIDOCIOUS,defendant,,Richard M. Sherman,Supercalifragilistic,57
0b2b7bfd-ff0c-403b-9582-2f322bbc5527,Jerry Herman,Shalom,defendant,,Jerry Herman,Shalom,58
ca8de7c5-3c08-4127-88f0-fe23eba28eb7,"Eddie Holland, Brian Holland, Lamont Dozier",Baby Love,defendant,,Holland-Dozier-Holland.,Send You Can't Hurry Love to Cell Phone,59
fed8651b-965b-4541-b18d-251997f709ce,,,defendant,,Wayra Nan,Qapaq Nan,60
356aaa88-93cf-4996-9d88-28b5181e4714,Gene Sayet & Sidney Feldman,"Toot, Toot, Tootsie",defendant,,Al Jolson & Eddie Cantor,"Toot, Toot, Tootsie",61
f296f33c-5d06-44ff-ba03-14c44227551f,Gerhard Wendland,Tanze mit mir in den Morgen (Mitternachtstango),defendant,,Gerhard Wendland,Tanze mit mir in den Morgen (Mitternachtstango),62
edac13c8-92b4-4528-b0b2-e0389fcba497,McKinley Morganfield,Got My Mojo Working,defendant,,Stampeders,Got My Mojo Working (Mojo),63
e5494859-e5a2-4ae2-8e84-784816c5b059,Jack Trombey,Girl in the Dark,defendant,,Jack Trombey,Dark Forest,64
a14e1c73-d0a8-41b5-9726-bad6b7f777ba,George Harrison,My Sweet Lord,defendant,,Claudio Nuñez,My Sweet Lord (Harrison),65
f40bc05c-2898-4c5e-93fc-03a467f21c47,Ernest Gold,Hiding the Wine,defendant,,Ernest Gold,Hiding the Wine,66
c1b3fd83-f4b3-4b54-93f6-1a5a3cb1b454,Earl Wilson and Billy Cunningham,The Cunnilingus Champion of Co. C,defendant,,"Earl Wilson, Jr.",The Cunnilingus Champion of Company C,67
730c647f-6a43-4498-a1ad-f86734fdd41d,John Williams,"Theme from ""A Time to Love""",defendant,,John Williams,"Love Theme From ""Heidi""",68
c8da4e19-7b1d-47ab-822e-4f03aee6438e,Ray Ellis,"Theme for N.B.C.'s ""Today Show""",defendant,,Jazz at Lincoln Center Orchestra with Wynton Marsalis,C. B.'s Theme,69
1bf9281d-28d9-4233-9099-b4b270d87c48,Anonymous,Holiday Polka,defendant,,Li'l Wally,Polka Holiday,70
d7ed4ef4-6363-4e65-aaf9-26b86bc72b90,Doumei Suzuki,One Rainy Night in Tokyo,defendant,,Brenda Lee,One Rainy Night in Tokyo,71
6b85293c-0811-4c1f-8a22-561a9a1e7533,National Broadcasting Company,National Broadcasting Company,defendant,,Public Service Broadcasting,Broadcasting House,72
210254ae-fc86-442b-ab44-e1631369e116,Juan Bastos,Loop Di Love,defendant,,Juan Bastos,Loop Di Love,73
3bb0afe6-174b-41f5-9a75-c32eb9a751e0,Danny Janssen and Bobby Hart,Keep on Singing,defendant,,Bettman & Halpin,Keep on Singing,74
5b75bb48-f230-4610-88be-53d8d9f808b7,"Hagood Hardy, Rudy and Jerry Toth","The Homecoming, Moment of Love",defendant,,Hagood Hardy,The Homecoming,75
3152a45d-f222-4fe1-98ba-c57fd718375a,Barry Gibb et al.,Barry Gibb et al.,defendant,,Barry Gibb,How Can You Mend a Broken Heart (Barry Gibb version),76
8754c48b-0a2d-4555-be1e-3ab13b8c202f,Elizabeth Jane Anderson,Mama’s Shoe Box,defendant,,Elizabeth Morris,Shoe Box,77
efa104ed-c422-485d-867f-87f87f2e38a9,Benton and Bowles,TV Ad for Schlitz Beer,defendant,,Canned Heat,Schlitz Beer,78
91496f27-9402-4476-bfa3-ee83068b35c6,David Dundas,Channel 4 Jingle,defendant,,David Dundas,Jeans On,79
9d9c8206-8b4c-45fc-8f12-ffc1940b2b7f,Led Zeppelin,Whole Lotta Love,defendant,,Led Zeppelin,Whole Lotta Love,80
c2564127-4342-430d-b170-36905a177aa9,Gavin Spencer,Budweiser Beer Commercial (1985),defendant,,[no artist],Budweiser Commercial,81
0dd63ab7-79ca-46d5-bcf2-287b80f28610,Coca-Cola Company,I'd Like to Buy the World a Coke,defendant,,[soundtrack],I’d Like to Buy the World a Coke,82
c33de1b7-3877-4a77-9086-7d12f7544aef,Rick Dees,When Sonny Sniffs Glue,defendant,,"Rick Dees, Danny Gans",When Sonny Sniffs Glue,83
16ad6804-7ddb-41c6-9de7-e6389930ceb8,John Williams,Theme from 'E.T.',defendant,,John Mauceri & Hollywood Bowl Orchestra,"John Williams: Flying Theme (From ""E.T. the Extra-Terrestrial"")",84
a26dd44c-c201-4369-95a9-4cf487d6316a,Olivia Newton-John,Take a Chance,defendant,,Olivia Newton‐John,Take A Chance (Remastered 2021),85
261a83d5-a408-45a2-80ee-d0381bb748ae,Steven Benderoth,Hockey Night Theme,defendant,,Eino & DJ Kapelimestari,Hockey Night,86
2825e707-8892-416c-a527-9ef44335529a,David Dundas,Advertisement for Kenco Coffee,defendant,,David Dundas,Logo Reveal (a),87
85e70ae4-9b8a-4ed2-a108-57264c369011,Denis King,Advertisement for Rapid Coach Service,defendant,,King Tee,Advertisement,88
6cd5d284-08cd-4c33-ad87-e903f739b90a,Morris Kaiserman,Feelings,defendant,,Morris Albert,Feelings,89
7ac94e7c-ce1e-463c-8a30-bc6be012371f,Nicole,Ein bisschen Frieden,defendant,,Nicole,Ein bisschen Frieden,90
78c10d26-8969-4389-a9e8-b473fd1eaa15,"Earth, Wind & Fire",Fantasy,defendant,,"Earth, Wind & Fire","Earth, Wind & Fire",91
fefe7da9-2458-43b3-87a7-94dc24f5a6d7,Guy Cross,Ring My Bell (Trackdown Version),defendant,,Cross Record,Ring Bell,92
bd5e85df-32b2-4fd0-879d-21fd994a2e7a,Vanilla Ice,Ice Ice Baby,defendant,,Vanilla Ice,Ice Ice Baby,93
ee2b5f23-ab5d-4396-9a2f-38a3e3689393,Gilbert Martin (Arr.),Ezekiel Saw De Wheel,defendant,,The Delta Rhythm Boys,Ezekiel Saw De Wheel,94
92a908d8-4dbb-4214-a167-1b4b026ba479,McDonalds Corp.,Menu Song,defendant,,Red,Putrefying Corp Song,95
058e0925-1692-4173-a908-d06c8170c9f4,Vern Gosdin,Set 'Em Up Joe,defendant,,Vern Gosdin,Set 'Em Up Joe,96
0e26ab94-ea02-4179-8817-8f9571dc174b,Jean-Alain Roussel,Tous Les Juke-box,defendant,,Martine St-Clair,Tous les Juke-box,97
6da9e959-8c14-479c-a790-5055aa9b43fd,Biz Markie,Alone Again,defendant,,Biz Markie,Alone Again,98
3d62face-780d-4453-9a05-d03e3753d8dd,"Mario Balducci, Julio Iglesias",Hey,defendant,,Julio Iglesias,Hey! (Hey!),99
ddb47a59-9ed7-473a-abf2-4e37f76d5da0,Dan Radlauer,"Theme Music for ""Sally Jesse Raphael Show""",defendant,,Sunnyside,Sally Jesse Raphael,100
44577eb8-4b63-45ff-9800-6841c3a181de,Phlegma,Madness I,defendant,,Phlegma,Évolution,101
d4a14d14-5eb9-4fe2-b18a-eeb072dcda91,Boney M.,Brown Girl in the Ring,defendant,,Boney M.,Brown Girl in the Ring,102
d4a14d14-5eb9-4fe2-b18a-eeb072dcda91,Boney M.,Brown Girl in the Ring,defendant,,Boney M.,Brown Girl in the Ring,103
be0a9455-4747-4037-bfc7-6a488d25866b,Stevland Morris,I Just Called to Say I Love You,defendant,,Stevie Wonder,I Just Called to Say I Love You,104
23391c57-1d7e-4477-af10-0f5f8f8281da,Antonio Reid and Kenny Edmonds,"On Our Own (from ""Ghostbusters II"")",defendant,,Bobby Brown,On Our Own (from “Ghostbusters II” soundtrack),105
5e48c636-59a5-4e3c-9ca8-a5bb8ff0926d,Evangelos Papathanasiou,"Theme from ""Chariots of Fire""",defendant,,Music Factory,"Chariots of Fire Theme (From ""Chariots of Fire"")",106
301b1cfc-f72a-4667-821f-e114af07dd89,Robert Clivilles and David Cole,Get Dumb! (Free Your Body),defendant,,Clivillés & Cole,Mind Your Business,107
2c3915c0-6d3e-46b6-96ba-03b0098f781f,,,defendant,,Nan Elmoth,Nan Elmoth,108
f6d1bc5a-b34b-4d5f-bdf1-a7a9443063b7,Jani Lane,Heaven,defendant,,Jani Lane,Heaven,109
f9eaa8ee-3217-4c85-be6b-80b4e3c9da20,Maceo And All The King's Men,Southwick,defendant,,Maceo and All the King’s Men,Southwick,110
086177b1-95b1-4ac7-afcd-405bc0bce05a,Wayne Rostad,Here We Are On the Road Again,defendant,,Wayne Rostad,Again,111
7ab30427-20ee-47c7-ba05-e870f8f0fd2e,Luther Campbell,"Oh, Pretty Woman",defendant,,Roy Orbison,Oh Pretty Woman (Oh Pretty Woman),112
642dc21b-2b8d-4ff7-8fde-a9a4eda84c00,John Fogerty,The Old Man Down the Road,defendant,,John Fogerty,Old Man Down the Road,113
9c80a5c8-f976-477a-96b4-191b7b8444aa,Miller Brewing Co.,TV ad for Miller Lite,defendant,,GospelbeacH,Miller Lite (Live),114
92c3fa5d-75fe-462b-b430-e3d1152e020b,Michael Jackson,Dangerous,defendant,,Michael Jackson,Dangerous,115
200feb65-9271-466e-8c2a-e4502c863f22,"William Gibbons, et al.",La Grange,defendant,,"La Mississippi, Billy Gibbons",La Grange,116
a571b3b9-ca78-48ed-addb-67994e479b7f,,,defendant,,Nan Elmoth,Nan Elmoth,117
47bb7897-ab26-448b-951e-e2081d3ab10e,Gloria Estefan,Oye Mi Canto,defendant,,Gloria Estefan,Oye mi canto,118
acefa5e8-9534-4c8a-a9bd-e2720b0ac51e,Stanley Kirk Burrell,"Pepsi Ad featuring ""Hammer""",defendant,,Aurthohin,Pepsi Ad,119
c36a5c92-2def-4d05-b767-edeece1f835b,Michael Jackson,The Girl is Mine,defendant,,Michael Jackson,The Girl Is Mine,120
2828db75-bd49-4ed6-b6bd-d31a943a726f,Bob Dylan,Dignity,defendant,,Bob Dylan,Dignity,121
ffa5f275-83c1-420a-9dee-f69882858c27,Wayne Perry and Gerald Smith,Every Second,defendant,,The Wife and Kids,Every Second,122
71b76241-2f24-4d17-ba1e-cebed68230f9,Andrew Lloyd-Webber,Phantom Song,defendant,,Andrew Lloyd Webber,Phantom of the Opera (Phantom),123
563d8d39-7c62-48ea-8aeb-cc030efe842d,Joseph Simmonds et al.,Back from Hell,defendant,,"Tony Hancock, et al.",1956-10-14: Back from Holiday,124
fed8651b-965b-4541-b18d-251997f709ce,,,defendant,,Wayra Nan,Qapaq Nan,125
ec6923ae-e41c-428f-b7dd-9e335d614f66,Joe Diffie,Prop Me Up Beside the Jukebox (If I Die),defendant,,Joe Diffie,Prop Me Up Beside the Jukebox (If I Die),126
86c0df9a-7562-4c8c-a424-8fc7d15b24df,Mariah Carey,Hero,defendant,,Mariah Carey,Hero,127
fd971800-2d71-40ff-92f6-4f0b49feb1a2,Steve Seskin & Collin Raye,I Think About You,defendant,,Collin Raye,I Think About You,128
e70c6b51-4105-477e-9aaa-832c7d7b1b95,Chrysler Corporation,Promotional video for Plymouth Prowler,defendant,,The Katinas featuring Miles McPherson,Promotional Video,129
33e59633-1e44-49e3-bcdf-6b715ef2aeec,Cygnus X,Superstring,defendant,,Cygnus X,Superstring,130
c7a1a4cc-97d6-419d-87e4-7de40f7550ea,"Robert Del Naja, et al",Unfinished Sympathy,defendant,,Woody van Eyden,Unfinished Sympathy,131
19bb2643-958e-472c-bff7-7305e170a0f8,Michael Bolton and Andrew Goldmark,Love is a Wonderful Thing,defendant,,Michael Bolton,Love Is a Wonderful Thing,132
d4775435-2005-48ee-af55-f1a67824537e,Richard Patrick,Take A Picture,defendant,,Patrick Woods,Picture of a River,133
54fe5b43-eea3-4416-b7d9-158275a48ddd,,Mashups of various songs in SACEM catalog,defendant,,2050Millions,Sacem,134
f1951100-098f-4a92-b0c6-16d73ffc736d,Ogilvy & Mather,"""Pond's Nutrivits"" ads",defendant,,Maps & Transit,Ponds,135
de157c14-21fa-4d5b-8250-71f382708bbf,Frito-Lay Corp.,Frito-Lay TV ad,defendant,,Bootychaaain,Frito Lay,136
f29399bd-1c39-4d00-b6a8-744070d35576,Michael Jackson,Will You be There?,defendant,,Michael Jackson,Will You Be There (Michael Jackson's Vision),137
191321aa-fa17-4a58-866c-179c62aec700,Calvin Broadus,Ghetto Symphony,defendant,,Calvin Richardson,Disrespectful Ghetto,138
a571b3b9-ca78-48ed-addb-67994e479b7f,,,defendant,,Nan Elmoth,Nan Elmoth,139
5f5c6e51-632a-4b2b-8650-9bbb98067b03,Destiny's Child,Independent Women,defendant,,Destiny’s Child,Independent Women,140
d415dd5b-ff3a-4f70-aebf-0e1b8c8b858a,"Simon Stirling, et al.",Where are You,defendant,,Al Hibbler,Where Are You?,141
98c97906-2efe-4942-ae7b-b16317a58f9f,Nel Wyclef Jean and Jerry Duplessis,My Love is Your Love,defendant,,Whitney Houston feat. Wyclef Jean,My Love Is Your Love (Remix),142
836ed3c1-b078-4e81-a2d8-13105217ae17,Per Gessle,Sleeping in my Car,defendant,,Per Gessle,Sleeping in My Car,143
596897c0-b4e7-4a00-b710-5666ccf2e13f,Sophie Ellis-Bextor,Get Over You,defendant,,Sophie Ellis‐Bextor,Get Over You,144
87008276-7e58-42c3-8164-2aa4e9e4a49c,"Jorgen Elufsson, David Kreuger, Per Magnusson, Rami Yacoub","What U See is What U Get, Can't Make You Love Me",defendant,,Xzibit,What U See Is What U Get,145
a374fcaf-844f-4bf9-9356-2680b513a34e,"Adam Yauch, et al.",Pass the Mic,defendant,,Adam Yauch,Sound Bite by Adam Yauch of the Beastie Boys,146
48c6bf42-14b0-43c7-a787-5073c5fe082e,Joe McDonald,I Feel Like I'm Fixin' to  Die Rag,defendant,,Country Joe McDonald,I Feel Like I’m Fixin’ to Die Rag,147
ab242f11-e5d0-42c4-8c99-a3f3d89b5c77,"James Horner, Will Jennings, Chris Lindsey, Aimee Mayo and Marv Green","My Heart Will Go On, Amazed",defendant,,James Horner & Will Jennings,My Heart Will Go On,148
81535c9c-c828-4239-a2ae-153ffe32c72e,[Unknown Composer],Wouldn't It Be Good,defendant,,[unknown],Wouldn't It Be Nice,149
7e2adfbf-d5c9-412f-9a30-87d27c59ffe2,Katsuhisa Hattori,Kinenju [Memorial Tree],defendant,,P.N.A.T.S.H.,Jack Smith Memorial Christmas Tree,150
d85b9875-a1af-4878-9664-5fb901a52c74,Coca-Cola (China) Inc.,Sunrise,defendant,,Coca‐Cola,Always (DJ Tatana remix),151
c2aeffa1-db5a-4adf-832c-a88cdd7af0dd,Mariah Carey,Thank God I Found You,defendant,,98° feat. Mariah Carey,Thank God I Found You,152
9c126f83-611d-40bb-ac4e-1f164c18dfc5,"Pete Seger et al. (From Disney's 1997 Broadway musical ""The Lion King"")",The Lion Sleeps Tonight,defendant,,Lion L. Richie,The Lion Sleeps Tonight,153
bd209d60-52da-4956-b7ee-d006e2bd9da6,Shawn Carter,Izzo (H.O.V.A.),defendant,,Jay‐Z,Izzo (h.o.v.a.),154
d00f4d21-4870-40af-bb10-8e07291aaf67,Christopher Bridges,Stand Up,defendant,,Sigrid,"Burning Bridges (up close, acoustic)",155
e85c576e-ba40-476c-bbe8-a293c409a188,"Eric Wright, et al.",100 Miles and Runnin',defendant,,Din-ST,100 Miles and Runnin,156
a119586a-9f13-4a2a-aaa4-6d2c117e4767,Patrick Leonard & Madonna Ciccone,Nothing Really Mattters,defendant,,Madonna,Nothing Really Matters,157
d4bc53e1-fd6c-4e99-94be-74c764c226d0,"Richard Marx, Luther Vandross",Dance With My Father,defendant,,Luther Vandross,Dance With My Father,158
2cc4e969-e37a-4190-bb32-adb8a7bff6ca,"Allen Gordon Jr., et al.",You’re the One,defendant,,"Rex Allen, Jr.",You're the Only One I'll Ever Love,159
e16f185d-ac03-4af5-8fc0-e0372ee99504,"Terius Gray (""Juvenile"")",Back That Azz Up,defendant,,Juvenile,Back That Azz Up,160
f130cf83-c8bb-443b-a6d6-0959f612f95a,"Brian Transeau, et al.",Advertisement for Celebrex,defendant,,Brian Transeau,Relativity (Deep Dish remix),161
81ac36e2-bcfa-4e2a-ab77-a25af632dda9,Zhengben Zhu,Farewell to the Red Army,defendant,,雷強,Farewell Red Army,162
74fa1c97-3b8d-450e-bf6b-046408cab70e,Luis Bacalov,Il Postino,defendant,,Luis Bacalov,Il Postino,163
1444cf8a-7f6f-4c1b-8072-8b2391387127,"John Jackson (""Fabolous"")",Young 'N,defendant,,Fabolous,Young 'n (Holla Back),164
922411c1-6fb4-492e-aae3-fe6fa0764d90,"Michael Jones, et al.",Still Tippin',defendant,,Mike Jones,Still Tippin’,165
b6a4c8c3-dade-4c52-8011-037fd1fc469d,Beyoncé Knowles,Baby Boy,defendant,,Beyoncé,Baby Boy,166
b1c3afc0-0de1-467d-bb15-8a3ac41bbcac,Christopher Wallace,Ready to Die,defendant,,Chris Wallace,Ready to Fall,167
d212670d-0812-40fa-b65f-1c9937992270,"Curtis James Jackson aka ""50 Cent""",In Da Club,defendant,,50 Cent,In da Club,168
e1229022-438f-49f2-98f4-1b3b119021d4,Hu,Bye Bye My Lover!,defendant,,Finn & Haddie,Good-Bye My Lover Good-Bye,169
05d566f6-d9e5-4325-acd7-5b3ef9b9508e,Brian Transeau,Bust Dat Groove Without Ride,defendant,,Carlos Bess,Bust Dat Groove (w/ ride),170
662917a8-be84-451a-a9d2-2146170dbab2,Victor Manuelle,Tengo Ganas,defendant,,Víctor Manuelle,Tengo ganas,171
2ec10c08-268c-4dde-a028-f009dba2390b,U2 (band),Vertigo,defendant,,U2,Vertigo,172
521b7810-80ef-4d4b-b36c-cb7d202a8398,Yang Feifei,"Recording of popular vocal numbers from Chinese Operas, including a portion of The Mother as Slave",defendant,,TM Juke and The Jack Baker Trio,Portion of a Recording,173
c9684796-c13c-48e1-a6d2-0ad8a211dc09,"Tionne Watkins, et al.",Unpretty,defendant,,TLC,Unpretty,174
48b035da-e5f3-4cf8-8307-f6ad88191945,Gary Moore,Still Got the Blues,defendant,,Gary Moore,Still Got the Blues,175
24cd7732-8b8f-4010-ae79-c7780a4afa66,Vishal Dadlani,Krazzy 4 (Remix) & Breakfree (Remix),defendant,,Vishal Dadlani,Krazzy 4 (remix),176
2823e330-111e-44d1-b56e-dd4cb4f5ab79,Destiny's Child,Cater 2 U,defendant,,Destiny’s Child,Cater 2 U,177
a4584b73-56d3-42ee-b70c-6ab53428cae6,Phil Vassar,Good Ole Days,defendant,,Phil Vassar,Good Ole Days,178
45364c1e-fb91-45ad-bf43-fd383c918d8b,Jon Bongiovi,I Love This Town,defendant,,Jon Bongiovi,Open Your Heart,179
0eb1003b-8503-475c-95f1-a7ef29a38f4d,"Robert Kelly, et al. (""Public Announcement"")",D.O.G. In Me,defendant,,Public Announcement,D.O.G. in Me (feat. Shaq and Roger Troutman),180
8445700a-e1a7-4867-ae65-3f6773c1350f,Mary J. Blige,Family Affair,defendant,,Mary J. Blige,Family Affair,181
8ea17c34-77de-4c31-970a-e50e379d8013,Christopher Martin et al. [Coldplay],Viva la Vida,defendant,,Coldplay,Viva la Vida,182
596897c0-b4e7-4a00-b710-5666ccf2e13f,Sophie Ellis-Bextor,Get Over You,defendant,,Sophie Ellis‐Bextor,Get Over You,183
01fcd500-deed-4721-86c9-2c7a34242900,Pharrell Williams,Frontin,defendant,,Pharrell Williams,Frontin',184
1668ade7-acd3-447c-a9b9-0e520690fbc5,"Colin Hay (""Men At Work"")",Down Under,defendant,,Men at Work,Down Under,185
3c4efacb-32bb-4d55-8b38-41a2e94a934b,"John Huffman, Real Content Media Group, Mariah Carey",My Love,defendant,,Mariah Carey,My All (My club mix),186
1f9b9357-2918-467b-8ddb-5c12d407dd28,"Black Rob, et al.","Fire in the Hole, Plus Others",defendant,,Black Rob,Fire in da Hole,187
e245a35b-3ea6-4363-8168-1519ab8227bd,Wyclef Jean,Welcome to the East,defendant,,Wyclef Jean feat. Sizzla,Welcome to the East,188
30773167-c32e-42d4-9e8c-f4a2f9f408cf,"William Adams, et al. [“Black Eyed Peas”]",Boom Boom Pow,defendant,,Black Eyed Peas,Boom Boom Pow,189
40de4a0b-daa8-42d4-a407-7bf5ae8a1111,Led Zeppelin,Dazed and Confused,defendant,,Led Zeppelin,Dazed and Confused,190
34f2b6a6-5529-49b2-91e4-496c519de6a7,"Usher Raymond, et al.",Burn,defendant,,Usher,Burn,191
4bc07c8f-153c-42b2-b946-d5b416436b8c,Usher Raymond,Caught Up,defendant,,Poison Clan,Raymond Up the Road,192
fe090820-0909-450f-834a-934fd01bc88b,"Jayceon Taylor (“The Game”), Andre Young (“Dr. Dre”), Michael Elizondo, Curtis Jackson (“50 Cent”)",How We Do,defendant,,"The Game, 50 Cent",How We Do,193
16336472-ae3b-4cd6-90d7-e774e4d73c07,"Timothy Mosley, aka ""Timbaland""",Put You on the Game,defendant,,Timothy Wisdom,Put the Stereo On,194
12b8b280-2da3-43aa-ad56-290d44eeb0cb,Audi GmbH,​Advertisement for Audi A6 “Avant”,defendant,,Tischdreizehn,Audi A6 Avant,195
f37e8e95-6ad2-4e51-89fc-174710d10a12,McDonald's Corporation,McDonald's-Jingle,defendant,,Chris McDonald,Jingle Bells,196
d6dbbb18-84d3-47c3-957e-919af02511ec,John Legend,Maxine's Interlude,defendant,,Lil Wayne,Living Legend Interlude,197
6338176b-1b32-4561-b610-3ae599653909,David Guetta,Without You,defendant,,David Guetta FeUsher,Without You (Extended),198
5e56adaa-405c-493d-8fb1-73517d4b17f2,Kanye West,Stronger,defendant,,Kanye West,Stronger,199
ba550ecc-1b68-47cf-94d9-650b2703d41d,Xinru Wang,Sleeping Beauty,defendant,,Azmari,Sleeping Beauty : Sleeping Beauty,200
6797cccc-ee3a-4f27-8df9-239d27049010,"Dwayne Carter, aka Lil Wayne",Bedrock,defendant,,Lil Wayne feat. Young Money,Bedrock,201
11202d0e-edc2-4d70-9fc0-d9738d67f91f,EMI Record Group,Washed Away,defendant,,Dominic Gaudious,Washed Away,202
ab21b0dc-4544-4f98-909e-a13e8c4b41e0,Qi Gang Chen,You and Me,defendant,,Ziguo Chen,You and Me,203
d64f850b-5e87-4f6c-8cd4-85965882fff7,,Advertisement for Home Depot; Advertisement for Pizza Hut,defendant,,F. Scott Fitzgerald read by Tim Robbins,Advertisement for Caedmon,204
777e1ce6-9277-40a1-91cc-f7edc5cd6596,Michael John Blake,What Pi Sounds Like,defendant,,Blake,What I Like (Knuckles mix),205
3306cb9b-7e42-41f9-a901-af5a023eca21,Pritam Chakraborty,Pyaar Ki Pungi,defendant,,"Mika Singh, Amitabh Bhattacharya, Nakash & Pritam",Pungi,206
27a38577-67f7-499c-9c06-e1987e343343,Elton John,Nikita,defendant,,Elton John,Nikita,207
12557e45-8acd-4703-aa8c-9fc514af02c6,Jessica Cornish,Domino,defendant,,Jessica Cornish,Sexy Silk,208
e0571b63-c95a-4447-afa6-c600098e5196,Call Me a Mack,Different Strokes,defendant,,Psychedeliasmith,Different Strokes,209
f682ac73-7798-4de6-a608-3d8820d6ce22,Kanye West,Doin My Job,defendant,,Kanye West,My Way,210
4b415ffb-b132-4ef2-b57c-65588b4eec32,Stefani Germanotta,Judas,defendant,,Stefani Germanotta,Brooklyn Nights,211
ccc01fda-efbd-4b50-afe6-a186aea54ae8,"William Adams, et al.",I Gotta Feeling,defendant,,Al Et Al,If I…?,212
0876f8b3-6a22-4526-bfaf-df35634e4a57,Kanye West,Gold Digger,defendant,,Kanye West,Gold Digger,213
8c91a066-41ca-48ee-8528-6ab1069db0e3,"Shawn Carter (""Jay-Z"") et al.",Run This Town,defendant,,Jay‐Z,Run This Town,214
0d9d15f3-9285-40a0-a6b6-975c9ac8f43e,Eduard Edwin Bello Pou,Loca con su Tiguere,defendant,,El Cata,Loca con su tiguere,215
1ed6a94b-529c-4f59-a8da-3dbc01b089ae,Faheem Rasheed Najm (p/k/a T-Pain),Put It Down; Reggae Nigh,defendant,,T‐Pain,Reggae Night,216
e1a5984a-d543-4f6a-8c9d-31f2da78cd63,ZDF,"""Today"" Jingle",defendant,,ZDF,"Folge 35: Hochmut kommt vor dem Fall, Part 3",217
294a9985-16c6-4d62-b05a-acfbbfc28b08,Beyonce Knowles-Carter,X.O.,defendant,,Beyoncé Knowles‐Carter,war (nala interlude),218
12557e45-8acd-4703-aa8c-9fc514af02c6,"Jessica Cornish, et al.",Price Tag,defendant,,Jessica Cornish,Sexy Silk,219
60b13097-f5e5-4ee8-8933-7dc0f3e6bf92,"Justin Bieber, et al.",Someone to Love,defendant,,Justin Bieber,Somebody to Love,220
2fb97bc8-9013-48fd-9771-ddfc08f29c55,"Diamond, Horovitz, et al. [Beastie Boys]",Shadrach; Car Thief; Hold It,defendant,,Beastie Boys,Car Thief,221
6f9e790c-30d3-43ba-bc35-33b101c9eb9a,"American folk song, as performed by Rod Stewart",Corrina Corrina,defendant,,Rod Stewart,Corrina Corrina,222
e441e489-f80b-43b6-bc27-a60df4ed2fc3,Usher Raymond,Bad Girl,defendant,,Usher,Bad Girl,223
8d2effe5-7339-4ccd-860f-934920a97e44,Sam Smith,Stay With Me,defendant,,Sam Smith,Stay With Me (stripped),224
774c7174-f4ed-4868-abf9-a8fc9c861846,Hans Zimmer,Music score for “12 Years a Slave”,defendant,,Hans Zimmer,"Solomon (From ""12 Years a Slave"")",225
2c3a1015-3c01-483c-bd15-5c419272aa3b,Bushido,Janine,defendant,,Bushido,Janine,226
822ac0de-4d82-4641-89b5-2ce404443d50,Jean-Jacques Goldman,Aicha,defendant,,Jean-Jacques Goldman,Aïcha (Version Mixte),227
1a9e13c1-f500-44a0-8666-e0e867e30ae4,Hacienda Records,Cartas de Amor,defendant,,Hermanas Mendoza,Cartas de amor,228
767dc561-b7f1-4d98-bae8-1f517f494040,Francesco De Gregori,"Prendi questa mano, zingara",defendant,,Francesco De Gregori,"Prendi questa mano, zingara",229
8fbb6908-9c78-4011-8dfe-20c3b00b215f,Jay Z et al.,Big Pimpin',defendant,,Jay‐Z,Big Pimpin',230
a4ec2e00-de19-4643-9808-c88dc471dcc3,"Brad Paisley, et al",Remind Me,defendant,,Carrie Underwood with Brad Paisley,Remind Me,231
b83266b3-5e8c-451b-a855-2257d2081d85,"Madonna Ciccone, Richard Pettibone",Vogue,defendant,,Madonna,Vogue,232
1de4da60-c269-4389-b4c6-5107d9530a55,"Kanye West, et al.",Made in America,defendant,,JAY‐Z & Kanye West feat. Frank Ocean,Made in America,233
fed8651b-965b-4541-b18d-251997f709ce,,,defendant,,Wayra Nan,Qapaq Nan,234
810ef547-7174-47a5-98c0-bfd0d1afe246,John Newman,Love Me Again,defendant,,John Newman,Love Me Again,235
624d4793-ddc6-4ec9-9857-7e2108bdfd1f,Alan Jackson,Remember When,defendant,,Alan Jackson,Remember When,236
189abe82-175a-452e-9493-85bf72ec2b0a,"Omari Ishmael Grandberry, aka “Omarion”",Post to Be,defendant,,Omarion feat. Chris Brown & Tinashe,Post to Be,237
4f46f7b3-4eb2-4365-a28b-0a742ffdf8c4,Amanda Jiroux,Insane,defendant,,Mandy Jiroux,Insane,238
04ac8cdd-4224-4609-801f-431f659d74c3,Kanye West,New Slaves,defendant,,Kanye West,New Slaves,239
d56f85fd-ba44-4474-940f-3afce2306311,"Kendrick Lamar, et al.",I Do This,defendant,,Kendrick Lamar feat. Jay Rock,I Do This,240
74a43c29-91c6-4220-af5b-1b57003d494c,"Mikkel Eriksen, et al.",I'm Worth It,defendant,,Torun Eriksen,Worth Waiting For,241
bd83709d-bb8b-4a41-a199-422eb6abb9e2,Cramer-Krasselt advertising agency,Advertisement for Porsche’s Cayman 718 automobile,defendant,,Mira,Cayman,242
fb924707-203c-401a-b279-4561eda49161,Peter Hernandez (“Bruno Mars”) et al.,Uptown Funk,defendant,,Bruno Mars,Uptown Funk,243
e10f9b87-b9eb-4dff-bd8b-398bee61f85a,Public domain blues number performed by Eric Clapton,"Alberta, Alberta",defendant,,Eric Clapton,"Alberta, Alberta",244
bbd08db7-951a-4515-9584-fc6700e1a390,Demi Lovato,Stars,defendant,,Demi Lovato,Stars,245
1e64f646-49db-42d3-ac15-549fe10f478c,Ariana Grande,One Last Time,defendant,,Ariana Grande,One Last Time,246
336d1687-b709-4c3c-b646-8ea177221069,Ed Sheeran & John McDaid,Photograph,defendant,,Ed Sheeran,Photograph,247
a571b3b9-ca78-48ed-addb-67994e479b7f,,,defendant,,Nan Elmoth,Nan Elmoth,248
336810fb-be64-487c-a9f7-41db19fc0615,"Julia Michael, Justin Tranter, Justin Bieber, Thomas Pentz, et al.",Sorry,defendant,,Justin Bieber,Sorry,249
a8195eb3-cd75-4ced-bc91-64423b874836,"Justin Timberlake, et al.",Don't Hold the Wall,defendant,,Justin Timberlake,Don't Hold the Wall,250
d7e32712-77ea-4f31-92e6-4332ab9f117a,"Justin Timberlake, et al.",Damn Girl,defendant,,Justin Timberlake,Damn Girl,251
e29d9817-d14a-49c6-8f84-900392f4d3ac,Calogero Joseph Salvatore Maurici (“Calogero”),Si seulement je pouvais lui manquait,defendant,,Calogero,Si Seulement Je Pouvais Lui Manquer,252
ed1b9085-cc23-46b5-8799-f5608176ff7b,"Mervyn Winwood, et al.",Gimmee Some Lovin,defendant,,Steve Winwood,Gimme Some Lovin',253
cee40557-37cd-4c9c-a010-d99d40b688ea,"Stefan & Skyler Gordy (""LMFAO"")",Party Rock Anthem,defendant,,LMFAO,Party Rock Anthem,254
08751be1-ef48-4e51-bb33-8e143ab77caf,"Andre Young( ""Dr. Dre"")",If It Ain't Ruff,defendant,,Mac Dre,If It Ain't Real,255
9a61f155-db18-47c9-8222-db78b1a52bb7,Chancellor Bennett (“Chance Rapper”),Windows,defendant,,Chance The Rapper,Windows,256
cc950aa9-12dc-46b6-bca6-ef2b8e374042,Mark Ronson,Uptown Funk,defendant,,Mark Ronson,Uptown Funk,257
70263638-74a1-4f45-a81e-5e2ff17d228d,James Steinman,I’d do Anything for Love,defendant,,Unicante,I'd Do Anything for Love,258
5bd380c7-96fc-4de9-99e3-44ce6159de5d,Taylor Swift,Shake It Off,defendant,,Taylor Swift,Shake It Off,259
294a9985-16c6-4d62-b05a-acfbbfc28b08,Beyoncé Knowles Carter,Formation,defendant,,Beyoncé Knowles‐Carter,war (nala interlude),260
31890d25-27f9-4d72-9190-90fd39687a92,"Jonathan Smith [aka Lil’ Jon”], et al.",Turn Down for What?,defendant,,DJ Snake & Lil Jon,Turn Down for What,261
cf7c414b-3194-4882-9e48-e0b8e3bc18be,"Univision Communications, Inc.",Advertisement for Spanish language Sesame Street,defendant,,The Studio Sound Ensemble,Sesame Street: Sesame Street Fever,262
c7dec366-8bba-443d-a7f3-dbf1dcb28253,Jumin Nautiyal & Neeti Mohan,Socha Hai (Kehdoon Tumhe Remix,defendant,,Jubin Nautiyal & Neeti Mohan,Socha Hai,263
95b023d1-8484-48e3-91b0-76d51a5a9a45,Bruno Mars & Mark Ronson,Uptown Funk,defendant,,Mark Ronson Feat. Bruno Mars,Uptown Funk,264
19ab39f4-8716-455a-8c48-23228d39824c,"Paul Hewson, aka “Bono”, et al.",The Fly,defendant,,Bono,"II, Chapter 21: The Fly",265
d6f3b180-1dc1-427d-9fb7-53b9cfaf2ade,Rita Ora; Christopher Wallace; Marshall Mathers & Trevor Smith,How We do Party; Party and Bullshit; Calm Down,defendant,,Rita Ora,How We Do (Party),266
f5e1513e-945b-4ee3-bf21-c6e88738b11a,Justin Timberlake,Suit & Tie,defendant,,Justin Timberlake,Suit & Tie,267
68acb06e-7c05-4675-ae10-ae86f3e18a5a,Ricky Martin,Vida,defendant,,Ricky Martin,Vida (Predikador remix),268
b36511e7-6889-44cc-a4dd-6d2a21d5a183,"Jay Z, et al.",Big Pimpin',defendant,,Jay‐Z,Big Pimpin',269
ae08a02a-33e3-4012-9b0c-30b473caf904,"Robin Thicke, Pharrell Williams",Blurred Lines,defendant,,Robin Thicke ft. Pharrell Williams,Blurred Lines,270
87a5075a-c683-4801-9f6a-e09e2e4b7d19,Tyler Okonma,Deathcamp,defendant,,"Tyler, the Creator",DEATHCAMP,271
98d2d234-6448-4350-9c52-f7343641dee5,Miley Ray Cyrus,We Can't Stop,defendant,,Miley Cyrus,We Can't Stop,272
6423a215-5376-492f-9aab-79f3e98330ac,Chick-Fil-A Advertising Agency,Ads Aired on ESPN,defendant,,Chick-fil-A,Introduction,273
9bb377e2-0546-4e12-bb25-4eb98f122a8e,Edward Sheeran,The Rest of Our Life,defendant,,Jason Derulo,Rest of Our Life,274
9f9f6ffe-2034-4544-bc9d-7639837f259d,Virgin America,,defendant,,Trankil Trankil,NAN NAN NAN NAN NAN NAN (INTERLUDE),275
02010814-a011-44a9-9fac-57bb0142061d,Disney,Let It Go,defendant,,[Disney],Let It Go,276
3bbd9889-d778-4d81-98fc-5a048b7c8a48,Nicki Minaj ft. Nas,Sorry,defendant,,Nicki Minaj & Meek Mill,Im so Sorry,277
af83d1fa-9358-4309-a508-01b9d62ad791,"Marriott International, Inc, and Universal Pictures",October Sky Musical,defendant,,Joy Circuit & Sonata,October Sky,278
5afa90d0-63f7-4ce1-8fe9-1ece1d221ff5,Cyndi Lauper,Raise You Up,defendant,,Cyndi Lauper,RAISE YOU UP/JUST BE ～上げたげる/ただなりなさい～,279
a6dd4f80-48dd-4ac0-9088-574b94368521,Gwen Stefani & Pharrell Williams,Spark the Fire,defendant,,Gwen Stefani,Spark the Fire,280
c93e56a6-7390-49df-b3af-94d3a9453737,Frei.Wild,"Schenkt uns Dummheit, kein Niveau",defendant,,Frei.Wild,"Schenkt uns Dummheit, kein Niveau",281
d2f58375-963c-4897-a56d-b38098185f45,Yamato Mori,M.A.K.E.,defendant,,Mori Calliope,Make ’Em Afraid,282
d129508b-1c3d-4c58-b366-6e702e47a26a,Michael Cohen,Eminem Esque,defendant,,Diamonds & Dynamite,Esque,283
6552ca06-46de-453f-803a-09dd9688d788,The Verve,Bittersweet Symphony,defendant,,The Verve,Bittersweet Symphony,284
6c1556d3-d555-46fc-89bf-57f564b7f84a,Kanye West,Ultralight Beam,defendant,,Kanye West,Ultralight Beam,285
34c6b135-f967-4a11-bcbc-68f8125bcda8,Abel M. Tesfaye (“The Weeknd”),A Lonely Night,defendant,,The Weeknd,A Lonely Night,286
9570951b-a6cb-4039-bcf1-87df9a31c91a,"Christian Jones (""TeeFLii"")",24 Hours,defendant,,Teeflii feat. 2 Chainz,24 Hours,287
162c89a7-72cd-4d46-9dd5-10aef7c7a9e0,Sabrina Setlur,Nur mir,defendant,,Sabrina Setlur,Nur mir,288
ec5e693d-462d-4c98-a411-1d03dd2a2e64,Julio Iglesias,Me Olvide de Vivir,defendant,,Julio Iglesias,Me Olvide De Vivir,289
fee365e1-83e7-4490-bbfe-acac6bace0a7,"Eric Avalos, Courtney Rico, Chavalos Music, Inc.",Pediré,defendant,,Bobby Pulido,Le pediré,290
09ce15f1-ea34-450e-8e6a-9232d8798efa,"Adam J. Pigott (""BlaqNmilD""); Aubrey Drake Graham (""Drake"")",That beat; In my feelings; Nice for what,defendant,,Drake,Nice for What,291
0a908fbe-f70c-4ea0-9470-36feaf142960,"Montero Lamar Hill (""Lil Nas X""), et al.",Rodeo,defendant,,Nas x Nas,Rodeo,292
dc3aef39-1ffb-497d-a202-461ea4ce9cee,Ryan Tedder,,defendant,,Ryan Tedder,I've Gotta Be Me,293
83741a84-b1a8-47a6-8fd2-e74ff4fb0e57,"Sam Smith, et al.",Stay With Me,defendant,,Sam Smith,Stay With Me,294
5bd380c7-96fc-4de9-99e3-44ce6159de5d,Taylor Swift,Shake it Off,defendant,,Taylor Swift,Shake It Off,295
a02b3367-a1fe-4431-9487-a7b2aca54732,"Jared A. Higgins (""Juice WRLD""), et al.",Lucid Dreams,defendant,,Juice WRLD,Lucid Dreams,296
18a9340a-4c38-4f9b-bd4c-ff02163fcb2e,"Netflix, et al.",Burlesque: Heart of the Glitter Tribe (film),defendant,,Netflix,(Banner) Netflix,297
bfb025c7-b0f1-45db-94a2-cdbced640376,Anthony Santos,Eres Mia,defendant,,Romeo Santos,Eres mía,298
aa5119ed-90be-4026-93a0-fc4919156637,"Migos Touring, Inc. (""Migos""), et al.",Walk It Talk IT,defendant,,Migos feat. Drake,Walk It Talk It,299
9a7084c5-d942-4163-95ca-d7024debd918,Chelsea Dudley a/k/a/ Chanel West Coast,Sharon Stoned,defendant,,Once a Month,Sharon,300
1631b4ff-3c63-4f08-999c-d6c5e572eb71,"Ryan Lewis; Ben Haggerty (""Macklemore"")",Thrift Shop; Neon Cathedral,defendant,,Macklemore & Ryan Lewis,Thrift Shop,301
9dd0edab-4c1f-419b-bc7f-ee9ad60cea79,"Karim Kharbouch aka French Montana;
Excuse My French",Ain’t Worried About Nothin,defendant,,French Montana,Ain’t Worried About Nothin,302
cfcea41d-3e0d-4e98-be5f-f2d3320258c2,Jay-Z; Timbaland,Paper Chase; Toe 2 Toe,defendant,,JAY‐Z,Paper Chase,303
40285bd0-4c0a-4319-8c75-5c2224aa9707,Justin Raisen; Jeremiah Raisen,Healthy (Demo),defendant,,Jeremiah Saint,Burden (demo),304
8a2b936e-494f-4192-bd2b-5bea7bf49ac9,"Meet Bros, et al.",Dhagala Lagali Kala,defendant,,"Jyotica Tangri, Mika Singh & Meet Bros Anjjan",Dhagala Lagali,305
14d84df1-2353-4682-930f-e9e6c1e97aaa,"Aubrey Drake Graham aka ""Drake""",Pound Cake,defendant,,"Drake, JAY‐Z",Pound Cake,306
84ffbc06-6c9d-4ff9-8d5d-a895b84a086e,Abel Makkonen Tesfaye (“The Weeknd”); Kendrick Lamar Duckworth,Pray for Me,defendant,,The Weeknd & Kendrick Lamar,Pray for Me,307
ef11d1fd-e5b6-48cc-95e6-c769906de1d0,Jimmy Page,Stairway to Heaven,defendant,,Jimmy Page,Stairway to Heaven,308
29559be7-bfa6-4b38-8f42-fedf2c96d915,"Katy Perry, et al.",Dark Horse,defendant,,Katy Perry,Dark Horse,309
c7e67da3-893b-4b6b-8e2c-5e5492d45029,"Austin Post (aka ""Post Malone"")",,defendant,,Post Malone,Magic,310
443a799f-5a5a-4d83-b95e-4e9cc4a5eea5,"Brytavious Chambers (“Tay Keith”);
Daniel Hernandez (“Takashi 6ix9ine”)",Stoopid,defendant,,6ix9ine feat. Bobby Shmurda,STOOPID,311
c8133db7-f5ee-429d-90dd-586ad40b07e8,"Amy Wadge, Ed Sheeran",Thinking Out Loud,defendant,,Amy Wadge,Thinking Out Loud,312
00529fe7-a54e-479a-98e2-9966755d5294,"Apple, Inc., et al.",,defendant,,Apple Inc.,Marimba,313
2c3915c0-6d3e-46b6-96ba-03b0098f781f,,,defendant,,Nan Elmoth,Nan Elmoth,314
59ed6059-0dcc-4e07-958f-a0626495c1ca,The Carters,Black Effect,defendant,,THE CARTERS,BLACK EFFECT,315
d3a6040b-ca11-48df-ad00-fd8b867f6de0,"William Leonard Roberts II (""Rick Ross"")",Renzel Remixes,defendant,,Rick Roberts,In a Dream,316
523c7a2f-130d-4e1a-b7d9-bf1bb082484b,Kendrick Lamar,Loyalty,defendant,,Kendrick Lamar feat. Rihanna,LOYALTY.,317
83aeafac-4d6e-486d-8cd8-d1ec531827b2,Ariana Grande,7 Rings,defendant,,Ariana Grande,7 rings,318
c664a576-f0e5-4725-8d52-05ecfe4822d8,Ed Sheeran,Shape of You,defendant,,Ed Sheeran,Shape of You,319
226dad1c-24f5-4166-8e36-9b8321e204f2,Ed Sheeran,Thinking Out Loud,defendant,,Ed Sheeran,Thinking Out Loud,320
4eae8920-01e6-471f-84ea-bc832d6143f7,Offset,How Did I Get Here ft. J. Cole,defendant,,Offset feat. J. Cole,How Did I Get Here,321
b664676b-aedd-4f1a-8a8b-564903e93b9f,Donald Glover,This Is America,defendant,,Donald Glover,This Is Gonna Be Gross,322
73fa99d7-300f-4779-9156-c683f7df82d1,Chris Brown & Drake,No Guidance,defendant,,Chris Brown & Drake,No Guidance,323
8f0e90f4-5cac-491a-8bb0-04b6ec96efd0,"Shlemovitz, et al.",FeBreze Tagline,defendant,,Jack Ü feat. 2 Chainz,Febreze,324
7141cb40-c08c-4293-8ce4-52cb9e37f72c,Future,When I Think About It,defendant,,Future,WHEN I THINK ABOUT IT,325
211ac6a7-e851-4667-b349-1d7a7c1016e6,Rolf Løvland,You Raised Me Up,defendant,,Rolf Løvland & John Lenehan,You Raise Me Up,326
ee5d41ce-93a7-456f-b33a-23cdd40a64ad,Luis Fonsi,Despacito,defendant,,Luis Fonsi,Despacito,327
99dd231e-6890-44b3-b3b9-13d4a2d35e99,Benito Antonio Martínez Ocasio p/k/a Bad Bunny,Safaera,defendant,,"Bad Bunny, Jowell & Randy & Ñengo Flow",Safaera,328
98fd291d-b518-4069-81f5-ce818f28eada,Kanye West,Flowers,defendant,,Kanye West,Flowers,329
dd6cc9b3-ece9-499c-b6ab-2074566dca3c,J. Cole; Bryson Tiller,Deja Vu; Exchange,defendant,,Bryson Tiller,Exchange,330
b185085c-e7e1-45e0-b347-b82ebaaae992,Dua Lipa,Levitating,defendant,,Dua Lipa,Levitating,331
2bee176a-d7f7-4cb4-92f9-92e739eb6394,"Roland Powell p/k/a Lil' Duvall, Rich Broke Entertainment, LLC",Living My Best Life,defendant,,Lil B,Living My Life,332
7d5ffcfb-cac2-4b44-92de-8571e6987bc3,Dua Lipa,Levitating,defendant,,Dua Lipa,Levitating,333
6462983d-d6e2-4dae-a89b-2f3f327c1110,Kanye West,Life of the Party,defendant,,Kanye West,Life of The Party,334
a1b15e3e-b48c-4300-a663-19ce8cc777f0,Kanye West,Come to Life,defendant,,Kanye West,Come to Life,335
9f9f6ffe-2034-4544-bc9d-7639837f259d,April Louise Poree,,defendant,,Trankil Trankil,NAN NAN NAN NAN NAN NAN (INTERLUDE),336
15cc1beb-4c35-4c4b-85ef-3df5410d4e37,Kristen Anderson Lopez,Some Things Never Change,defendant,,Kristen Anderson‐Lopez & Robert Lopez,Some Things Never Change,337
aa243e48-c9f6-4753-8b42-b2342bb8988b,"Sam Smith, Normani",Dancing with a Stranger,defendant,,Sam Smith & Normani,Dancing With a Stranger,338
c1c9571a-39f1-4c11-92e2-21439399f44b,Evenflo,Ad Background Music,defendant,,Warne Marsh,Background Music,339
a6b174f1-20f3-449d-b973-716ac4f66bc5,Yung Gravy,Betty (Get Money),defendant,,Yung Gravy,Betty (Get Money),340
a6fab057-cf3a-4456-950e-d3edaf219326,Mariah Carey,All I Want for Christmas is You,defendant,,Mariah Carey,All I Want for Christmas Is You,341
cf914f88-ac11-4202-9c38-a65053110177,"Zayn Malik p/k/a ""Zayn""",Better,defendant,,ZAYN,Better,342
6215f3e0-2003-4852-9512-483d2560ee3e,Drake,Calling My Name,defendant,,Drake,Calling My Name,343
645ee6d1-befa-4382-8715-1682f1b3766e,Anthropic PBC,,defendant,,PBC,Macro-Mutos,344
c4037fea-5682-4a37-a56d-7e598221160a,Isis Naija Gaston a/k/a Ice Spice,In Ha Mood,defendant,,Ice Spice,In Ha Mood,345
7ef44b5d-86a7-4d3f-b91e-c83479dc517c,Roddy Ricch,The Box,defendant,,Roddy Ricch,The Box,346
7b4a20cb-3aa6-47bb-bbe0-e9f1341ddec3,Nickelback,Rockstar,defendant,,Nickelback,Rockstar,347
